Name,Past_Relations,Breakups,Willing_to_Commit,Relationship_Type,Share_Social_Media_ID_Pass,Flirt_Count,Dating_Apps_Used,Horniness_Level,Emotional_Involvement,Appreciate_What,Time_Given_Hours,Additional_Text,Prediction
Avery,10,0,mid,online,No,1,5,low,low,mentalHealth,1.04,,0
Riley,8,7,strong,online,Yes,12,2,mid,mid,mentalHealth,9.16,Loves going out,1
Taylor,8,7,strong,online,Yes,7,0,low,low,looks,12.19,Enjoys quiet time,0
Riley,9,5,mid,offline,Yes,2,0,strong,low,looks,16.31,,1
Avery,2,2,mid,offline,Yes,17,3,mid,strong,looks,16.12,Prefers staying home,0
Avery,5,0,mid,offline,Yes,8,5,mid,mid,looks,7.3,Enjoys quiet time,0
Jordan,1,1,strong,offline,Yes,1,3,strong,mid,mentalHealth,1.97,,0
Taylor,5,5,mid,offline,Yes,3,2,mid,mid,mentalHealth,18.8,Loves going out,0
Avery,5,5,low,offline,Yes,10,0,low,mid,mentalHealth,2.79,Prefers staying home,0
Jamie,1,1,low,offline,Yes,18,2,strong,low,looks,20.73,Prefers staying home,0
Alex,1,0,strong,online,Yes,17,4,low,mid,mentalHealth,15.51,Likes adventure,1
Alex,4,1,mid,online,No,5,5,strong,mid,mentalHealth,15.87,Loves going out,1
Alex,4,0,low,offline,Yes,2,4,mid,low,looks,0.69,Prefers staying home,0
Riley,1,1,strong,online,Yes,12,5,strong,low,mentalHealth,22.2,Prefers staying home,1
Jamie,10,0,mid,offline,No,18,1,low,mid,looks,4.42,,0
Taylor,6,5,mid,offline,Yes,9,4,strong,low,mentalHealth,15.34,,0
Avery,6,4,strong,online,No,6,5,mid,low,mentalHealth,2.17,Prefers staying home,0
Jamie,3,2,mid,offline,No,0,0,mid,mid,mentalHealth,1.35,,1
Casey,5,1,low,offline,Yes,20,0,mid,low,looks,20.54,,0
Alex,8,0,mid,offline,Yes,16,0,low,mid,mentalHealth,11.07,,1
Taylor,4,2,strong,online,Yes,17,3,low,mid,mentalHealth,1.01,Loves going out,1
Avery,6,5,low,offline,Yes,16,1,strong,low,looks,21.06,Likes adventure,0
Morgan,2,2,strong,online,Yes,13,2,strong,low,mentalHealth,6.22,Loves going out,1
Taylor,5,1,strong,online,No,9,2,mid,strong,looks,9.87,Enjoys quiet time,1
Taylor,2,1,low,offline,Yes,18,4,low,strong,looks,9.07,Prefers staying home,1
Jamie,6,5,low,online,Yes,12,5,mid,mid,mentalHealth,15.81,Likes adventure,1
Jamie,3,1,mid,offline,Yes,7,4,mid,low,mentalHealth,2.85,Prefers staying home,0
Jordan,2,0,strong,offline,Yes,15,1,mid,mid,mentalHealth,22.28,Prefers staying home,0
Avery,6,3,strong,online,Yes,19,3,mid,strong,looks,11.27,Enjoys quiet time,0
Jamie,8,1,strong,offline,No,18,4,low,low,mentalHealth,16.19,Loves going out,1
Riley,3,3,mid,online,Yes,16,2,mid,strong,looks,14.43,Enjoys quiet time,0
Riley,3,0,strong,offline,No,16,2,mid,mid,mentalHealth,11.82,,0
Jamie,9,1,mid,offline,Yes,17,4,strong,strong,looks,9.76,Loves going out,1
Casey,5,4,low,offline,Yes,18,0,strong,strong,mentalHealth,19.56,,0
Taylor,10,1,low,offline,No,17,2,strong,strong,mentalHealth,9.38,,0
Riley,1,1,mid,online,No,15,4,mid,strong,mentalHealth,11.04,Likes adventure,1
Jamie,3,3,strong,offline,Yes,15,1,mid,low,mentalHealth,23.37,Enjoys quiet time,1
Jordan,3,1,mid,offline,No,11,0,low,low,looks,9.89,Prefers staying home,0
Casey,7,0,low,online,No,13,5,low,strong,mentalHealth,1.4,,1
Casey,7,4,low,online,Yes,16,0,strong,strong,looks,8.4,Likes adventure,0
Morgan,3,3,mid,online,Yes,1,3,low,low,mentalHealth,9.54,Likes adventure,0
Casey,1,1,mid,online,No,13,0,strong,mid,looks,18.71,Enjoys quiet time,1
Casey,8,2,low,offline,Yes,6,3,mid,strong,looks,22.8,Loves going out,1
Jordan,1,1,low,online,Yes,18,2,mid,mid,looks,18.34,,0
Riley,8,5,strong,online,Yes,20,3,low,low,mentalHealth,4.91,Loves going out,0
Jordan,8,3,low,offline,No,8,2,low,low,looks,12.2,Loves going out,0
Alex,10,3,mid,offline,Yes,7,3,strong,strong,mentalHealth,7.93,Prefers staying home,1
Casey,8,3,mid,online,Yes,4,3,mid,mid,mentalHealth,8.01,Likes adventure,1
Jamie,9,2,low,offline,Yes,16,0,mid,strong,mentalHealth,8.48,Likes adventure,1
Jamie,9,2,low,online,No,8,5,mid,low,mentalHealth,7.6,Prefers staying home,1
Morgan,10,7,mid,offline,Yes,18,3,mid,strong,looks,9.94,Loves going out,0
Taylor,0,0,low,offline,Yes,10,3,strong,strong,mentalHealth,20.6,,1
Jamie,8,1,low,online,No,20,5,low,low,mentalHealth,21.31,Prefers staying home,1
Jordan,0,0,strong,offline,Yes,0,1,mid,mid,looks,0.76,,0
Casey,6,3,strong,online,No,17,0,mid,mid,looks,8.4,Prefers staying home,1
Alex,4,4,mid,offline,Yes,3,5,strong,low,looks,20.25,,0
Alex,1,1,mid,online,Yes,13,2,strong,mid,mentalHealth,7.66,Loves going out,0
Casey,3,1,mid,online,Yes,2,0,mid,low,looks,1.78,Prefers staying home,0
Riley,1,0,strong,offline,Yes,15,4,mid,low,looks,21.05,Enjoys quiet time,0
Avery,10,0,mid,online,Yes,16,0,low,strong,looks,2.12,Loves going out,1
Jamie,3,3,mid,offline,Yes,18,2,mid,strong,mentalHealth,6.29,Likes adventure,0
Jordan,1,1,low,online,Yes,8,5,strong,strong,looks,7.84,,0
Riley,4,2,low,offline,No,10,4,mid,strong,looks,9.29,Prefers staying home,1
Avery,8,8,strong,offline,No,7,5,mid,mid,looks,0.46,Likes adventure,0
Avery,6,5,strong,online,No,20,5,strong,mid,looks,22.53,Prefers staying home,0
Jordan,8,1,strong,offline,Yes,1,2,strong,mid,mentalHealth,12.56,Loves going out,0
Casey,10,9,mid,online,No,1,3,mid,mid,looks,8.08,Prefers staying home,0
Jamie,1,1,mid,offline,No,12,1,mid,low,looks,9.1,,1
Morgan,0,0,strong,offline,Yes,16,2,mid,mid,mentalHealth,14.72,Prefers staying home,1
Alex,10,8,mid,online,Yes,16,0,strong,mid,mentalHealth,22.98,,1
Jordan,3,0,strong,online,No,4,3,low,low,looks,2.47,Prefers staying home,0
Morgan,5,3,low,online,Yes,4,0,low,low,looks,9.9,Enjoys quiet time,0
Riley,5,0,low,online,Yes,5,0,low,low,mentalHealth,22.9,Prefers staying home,1
Jamie,1,1,strong,online,Yes,16,3,mid,mid,looks,1.42,Likes adventure,1
Alex,5,5,low,online,No,1,5,low,mid,looks,19.72,Loves going out,0
Morgan,7,3,strong,online,No,11,1,low,mid,looks,23.54,Prefers staying home,1
Avery,8,5,mid,offline,Yes,8,4,low,strong,looks,15.83,Enjoys quiet time,1
Casey,9,9,low,offline,No,19,5,strong,low,looks,21.03,Prefers staying home,0
Riley,9,5,strong,online,No,4,5,mid,strong,mentalHealth,15.48,Likes adventure,0
Morgan,4,0,mid,online,No,11,1,strong,low,mentalHealth,8.58,Enjoys quiet time,0
Avery,9,9,low,offline,No,17,4,low,mid,mentalHealth,6.6,Prefers staying home,0
Riley,0,0,low,offline,No,15,2,mid,strong,mentalHealth,19.69,,1
Avery,6,2,mid,offline,Yes,20,0,low,mid,looks,17.31,Loves going out,1
Avery,0,0,mid,online,No,17,4,mid,strong,looks,11.21,Loves going out,1
Casey,2,1,strong,online,No,16,2,mid,low,mentalHealth,13.36,Enjoys quiet time,0
Riley,2,0,low,online,Yes,12,1,low,strong,mentalHealth,5.46,Prefers staying home,0
Avery,10,1,mid,online,Yes,1,4,low,low,mentalHealth,5.58,Likes adventure,0
Taylor,2,1,strong,offline,No,20,5,mid,strong,mentalHealth,6.21,Likes adventure,0
Avery,4,3,low,offline,Yes,15,3,low,low,mentalHealth,13.55,Enjoys quiet time,1
Morgan,9,2,mid,online,Yes,3,0,mid,mid,looks,7.1,Loves going out,0
Casey,1,1,low,offline,No,4,1,mid,low,mentalHealth,13.83,Likes adventure,0
Casey,2,1,mid,offline,Yes,2,3,strong,low,looks,2.22,Likes adventure,1
Alex,4,4,mid,online,Yes,5,0,mid,mid,looks,8.7,Likes adventure,0
Alex,4,2,low,offline,Yes,14,0,mid,mid,looks,17.53,,0
Avery,6,6,mid,offline,No,7,0,strong,strong,looks,12.33,,1
Taylor,1,1,mid,offline,Yes,12,3,mid,low,looks,16.19,Prefers staying home,1
Casey,10,9,low,online,Yes,3,5,low,mid,looks,20.94,Loves going out,1
Casey,1,0,strong,offline,Yes,2,1,mid,low,looks,23.96,Loves going out,1
Alex,2,1,low,online,Yes,14,5,mid,low,looks,7.36,Loves going out,0
Morgan,3,2,mid,offline,Yes,17,2,strong,low,mentalHealth,10.44,Enjoys quiet time,0
Casey,0,0,mid,online,No,18,3,low,strong,looks,19.06,Enjoys quiet time,1
Alex,8,6,mid,offline,No,12,0,low,mid,mentalHealth,17.41,Prefers staying home,0
Morgan,8,2,strong,offline,No,11,0,mid,strong,mentalHealth,17.64,Prefers staying home,1
Jamie,4,0,mid,online,Yes,7,1,strong,mid,looks,22.55,Enjoys quiet time,1
Morgan,4,0,mid,offline,No,3,0,mid,mid,looks,10.62,Enjoys quiet time,0
Riley,2,0,strong,offline,Yes,16,3,low,strong,mentalHealth,3.13,Enjoys quiet time,0
Taylor,3,1,mid,online,Yes,14,0,mid,strong,looks,9.71,Loves going out,1
Casey,5,3,mid,online,Yes,5,1,strong,mid,mentalHealth,3.54,Prefers staying home,0
Avery,3,3,low,offline,Yes,19,4,mid,strong,looks,6.11,Enjoys quiet time,0
Jamie,7,4,strong,online,No,20,0,low,low,looks,14.25,Likes adventure,1
Riley,3,2,mid,online,Yes,3,0,strong,strong,mentalHealth,9.9,Prefers staying home,0
Jordan,1,0,strong,offline,Yes,4,1,strong,strong,looks,0.29,Likes adventure,1
Taylor,3,1,strong,online,No,12,0,mid,strong,mentalHealth,0.15,Enjoys quiet time,1
Avery,6,0,strong,online,Yes,15,5,low,low,looks,7.18,Enjoys quiet time,0
Avery,7,7,strong,online,No,6,0,low,low,looks,1.62,Prefers staying home,1
Alex,8,4,low,online,Yes,2,2,low,low,mentalHealth,19.86,,0
Casey,3,0,mid,online,No,19,2,low,mid,looks,16.05,Likes adventure,1
Morgan,2,1,low,offline,Yes,16,2,low,low,looks,14.53,Prefers staying home,0
Avery,9,8,low,offline,No,13,3,low,mid,mentalHealth,12.81,Likes adventure,1
Morgan,7,5,mid,offline,Yes,12,1,strong,low,looks,23.89,Prefers staying home,1
Taylor,3,2,strong,online,No,12,5,strong,low,looks,21.74,Likes adventure,0
Taylor,3,1,strong,offline,Yes,3,3,strong,mid,looks,22.7,Prefers staying home,1
Morgan,4,4,mid,online,Yes,0,2,mid,mid,mentalHealth,3.85,Likes adventure,1
Casey,7,4,strong,online,Yes,16,1,low,low,mentalHealth,12.89,Likes adventure,1
Avery,3,0,strong,online,Yes,4,0,strong,strong,mentalHealth,23.72,Prefers staying home,0
Riley,3,0,low,offline,Yes,2,2,mid,low,mentalHealth,21.61,Prefers staying home,0
Jordan,2,0,strong,offline,No,19,4,mid,mid,mentalHealth,18.31,,0
Casey,7,2,low,offline,No,20,5,strong,low,mentalHealth,13.22,Enjoys quiet time,1
Taylor,8,6,low,online,Yes,9,5,mid,strong,mentalHealth,22.47,Likes adventure,0
Jordan,4,3,mid,offline,Yes,5,5,low,low,mentalHealth,9.16,Loves going out,0
Morgan,7,3,mid,online,Yes,10,3,mid,mid,looks,19.05,Likes adventure,0
Casey,7,5,mid,offline,No,10,0,low,strong,mentalHealth,14.04,Enjoys quiet time,1
Avery,10,6,strong,online,No,18,1,mid,low,looks,2.17,Loves going out,1
Avery,4,2,low,offline,No,12,1,strong,low,looks,17.23,Likes adventure,0
Alex,5,5,low,online,Yes,15,0,mid,low,looks,19.09,Loves going out,1
Riley,8,7,low,offline,No,17,3,mid,low,mentalHealth,6.22,,1
Morgan,7,0,low,offline,Yes,7,4,strong,mid,looks,21.75,Likes adventure,0
Jamie,4,0,mid,offline,Yes,7,3,low,strong,looks,1.1,Prefers staying home,0
Jordan,4,0,low,offline,Yes,16,4,strong,strong,looks,10.45,Enjoys quiet time,1
Taylor,2,2,mid,offline,Yes,20,5,strong,strong,mentalHealth,0.96,Loves going out,0
Jamie,10,9,mid,online,Yes,11,3,low,low,mentalHealth,21.91,Prefers staying home,0
Casey,1,1,low,offline,Yes,2,0,mid,low,mentalHealth,0.14,,1
Avery,1,0,low,online,No,19,5,strong,mid,mentalHealth,9.42,Likes adventure,1
Taylor,1,1,low,online,No,9,2,mid,strong,mentalHealth,23.22,,1
Jordan,6,6,strong,offline,Yes,12,1,strong,strong,mentalHealth,9.78,Loves going out,1
Avery,0,0,low,online,Yes,12,4,mid,low,looks,17.85,Loves going out,1
Avery,8,1,mid,online,Yes,16,5,low,mid,mentalHealth,1.86,Likes adventure,1
Morgan,0,0,strong,online,Yes,18,0,low,low,mentalHealth,18.81,Enjoys quiet time,0
Jordan,4,0,strong,online,No,4,0,strong,low,mentalHealth,22.75,,1
Avery,5,2,strong,online,Yes,7,2,mid,strong,mentalHealth,12.94,Loves going out,1
Jamie,6,2,strong,offline,Yes,11,1,low,low,looks,7.56,Prefers staying home,0
Avery,4,3,strong,offline,No,16,2,strong,mid,looks,17.22,Prefers staying home,0
Jordan,3,1,strong,online,Yes,15,3,strong,low,looks,11.7,Enjoys quiet time,1
Jamie,0,0,mid,online,No,8,1,mid,strong,looks,23.13,Prefers staying home,1
Avery,8,3,strong,online,No,17,0,mid,mid,mentalHealth,2.63,Enjoys quiet time,1
Jamie,10,8,strong,online,Yes,7,4,mid,mid,mentalHealth,20.61,,0
Alex,9,6,low,offline,No,16,0,strong,mid,looks,18.91,Prefers staying home,0
Avery,6,2,mid,offline,Yes,2,4,low,mid,looks,23.17,Loves going out,1
Jamie,5,0,strong,online,Yes,10,3,strong,mid,looks,19.79,Likes adventure,0
Casey,7,2,low,offline,Yes,17,3,low,mid,looks,19.81,Likes adventure,1
Jordan,2,2,mid,offline,No,19,1,mid,mid,mentalHealth,0.86,Likes adventure,0
Morgan,3,2,strong,online,Yes,0,3,low,mid,looks,14.98,Enjoys quiet time,1
Taylor,7,4,mid,offline,Yes,5,2,strong,strong,looks,20.27,Enjoys quiet time,0
Jamie,2,2,strong,online,Yes,17,4,strong,strong,looks,13.52,Loves going out,1
Alex,0,0,mid,offline,Yes,4,1,low,strong,mentalHealth,21.97,,1
Jordan,0,0,low,online,No,8,1,mid,strong,mentalHealth,2.78,,0
Riley,8,4,low,offline,Yes,15,0,mid,low,looks,15.0,Enjoys quiet time,1
Jamie,3,3,strong,offline,Yes,1,0,mid,low,looks,15.07,,1
Morgan,8,0,mid,online,Yes,9,1,mid,low,looks,9.82,Likes adventure,1
Avery,2,0,mid,online,Yes,15,2,strong,strong,mentalHealth,19.68,Prefers staying home,1
Riley,9,5,low,offline,No,4,3,low,strong,looks,1.57,Loves going out,0
Morgan,6,4,low,offline,Yes,5,0,low,strong,mentalHealth,13.62,Likes adventure,0
Jordan,1,1,mid,online,Yes,7,0,strong,strong,mentalHealth,3.84,,0
Casey,7,5,low,online,No,8,5,strong,low,looks,13.32,Prefers staying home,0
Casey,3,0,low,online,No,3,3,low,strong,looks,8.67,Prefers staying home,0
Morgan,4,4,mid,online,Yes,19,1,mid,low,looks,23.35,Loves going out,1
Alex,4,3,low,offline,Yes,3,2,low,mid,looks,16.59,Likes adventure,1
Riley,6,2,low,offline,Yes,12,3,strong,low,looks,9.93,,0
Casey,9,8,mid,offline,No,17,4,mid,strong,mentalHealth,2.56,,0
Casey,10,2,strong,online,No,0,4,low,mid,looks,13.65,Prefers staying home,0
Jordan,4,4,strong,offline,No,20,0,strong,mid,looks,4.19,Enjoys quiet time,0
Morgan,1,0,strong,online,No,6,2,mid,strong,mentalHealth,6.7,Prefers staying home,1
Jamie,9,4,strong,online,No,13,1,low,strong,looks,23.82,Likes adventure,0
Avery,0,0,mid,online,Yes,8,4,mid,strong,mentalHealth,10.84,Likes adventure,0
Jamie,10,1,mid,offline,Yes,17,4,mid,low,looks,11.57,Enjoys quiet time,1
Morgan,1,0,low,offline,No,15,1,low,strong,mentalHealth,22.64,,1
Jamie,3,1,mid,offline,No,14,4,mid,mid,looks,6.98,Likes adventure,0
Alex,5,4,mid,online,No,13,5,low,low,looks,0.84,Loves going out,1
Morgan,10,4,low,online,No,1,3,low,mid,mentalHealth,8.66,,1
Riley,4,0,low,online,No,19,3,low,low,looks,16.2,,1
Jamie,5,2,low,online,No,2,5,strong,low,looks,5.31,Loves going out,1
Avery,4,0,strong,online,Yes,3,1,mid,mid,mentalHealth,7.0,Enjoys quiet time,0
Riley,4,1,mid,offline,Yes,6,1,mid,mid,looks,3.1,Loves going out,1
Casey,6,3,low,online,Yes,0,1,mid,strong,looks,10.88,,0
Jamie,6,1,low,offline,Yes,1,0,low,low,mentalHealth,4.39,Prefers staying home,1
Casey,0,0,strong,offline,Yes,11,1,strong,strong,looks,11.95,Enjoys quiet time,0
Riley,0,0,low,online,Yes,9,5,low,low,mentalHealth,12.87,,1
Riley,6,4,mid,offline,No,12,5,strong,mid,mentalHealth,3.63,Likes adventure,1
Jamie,5,5,strong,online,No,0,5,low,mid,looks,23.59,Prefers staying home,1
Taylor,8,0,low,offline,Yes,8,3,strong,strong,looks,5.99,Loves going out,0
Taylor,8,5,low,offline,No,19,3,strong,strong,looks,19.89,Likes adventure,0
Alex,2,2,mid,offline,Yes,20,5,mid,strong,looks,14.72,Likes adventure,0
Riley,2,1,low,offline,No,14,0,strong,low,looks,16.53,Enjoys quiet time,0
Taylor,7,5,mid,offline,Yes,13,1,mid,mid,looks,19.35,,0
Jamie,1,1,strong,online,No,2,0,mid,low,looks,23.21,Enjoys quiet time,1
Jordan,1,1,strong,offline,Yes,20,0,strong,strong,looks,20.4,Likes adventure,1
Jordan,1,1,mid,online,No,11,2,strong,strong,looks,15.31,Likes adventure,0
Riley,5,5,mid,offline,Yes,6,3,mid,mid,looks,18.96,Likes adventure,1
Morgan,6,6,strong,offline,No,18,1,strong,mid,looks,22.09,Enjoys quiet time,1
Jamie,0,0,mid,offline,Yes,17,4,mid,mid,looks,20.5,Loves going out,1
Riley,2,1,strong,online,Yes,10,4,low,strong,looks,20.88,Enjoys quiet time,0
Casey,4,2,mid,offline,Yes,14,4,mid,mid,mentalHealth,7.64,Enjoys quiet time,0
Alex,2,0,low,offline,Yes,3,2,mid,low,looks,11.67,Loves going out,0
Taylor,6,2,mid,offline,Yes,9,3,strong,low,mentalHealth,3.86,Enjoys quiet time,0
Riley,9,5,mid,online,No,16,2,strong,mid,looks,15.18,Prefers staying home,1
Jordan,1,0,mid,online,Yes,11,2,low,strong,looks,19.65,Enjoys quiet time,1
Alex,6,0,low,offline,No,14,3,low,strong,looks,13.96,Enjoys quiet time,0
Riley,7,0,mid,online,Yes,13,5,mid,strong,looks,7.49,,1
Jordan,0,0,mid,online,No,3,0,strong,strong,mentalHealth,15.58,Enjoys quiet time,0
Avery,2,1,mid,online,No,19,2,strong,strong,mentalHealth,19.35,Loves going out,0
Morgan,10,4,strong,offline,No,0,5,strong,low,looks,0.12,Prefers staying home,1
Casey,0,0,mid,online,Yes,15,4,low,low,looks,4.64,Prefers staying home,0
Avery,2,1,mid,online,No,7,5,low,mid,looks,15.58,,1
Jordan,5,2,strong,offline,No,18,4,low,mid,mentalHealth,16.17,,1
Alex,4,0,mid,offline,No,0,0,strong,strong,mentalHealth,10.81,,1
Avery,10,1,strong,offline,No,2,2,strong,strong,mentalHealth,19.55,Loves going out,1
Taylor,8,4,mid,offline,No,4,2,strong,strong,mentalHealth,22.35,Enjoys quiet time,1
Riley,9,8,strong,online,Yes,11,5,strong,mid,looks,13.33,Prefers staying home,1
Taylor,6,5,low,offline,Yes,6,4,mid,strong,looks,10.44,Prefers staying home,1
Jamie,5,4,strong,online,No,14,1,low,low,mentalHealth,21.2,Likes adventure,1
Avery,4,0,strong,offline,No,18,2,mid,low,mentalHealth,20.11,Prefers staying home,1
Morgan,9,5,strong,offline,No,4,0,mid,mid,looks,22.88,Enjoys quiet time,1
Jamie,2,2,strong,offline,Yes,17,5,strong,strong,mentalHealth,23.98,Enjoys quiet time,1
Jamie,10,1,strong,online,Yes,19,1,strong,mid,mentalHealth,20.45,Likes adventure,1
Casey,2,1,mid,offline,No,3,0,strong,low,mentalHealth,12.69,Likes adventure,0
Taylor,8,2,strong,offline,No,16,1,mid,strong,mentalHealth,3.89,Loves going out,1
Taylor,2,1,strong,online,No,16,0,mid,mid,looks,2.73,Loves going out,0
Riley,10,10,low,offline,Yes,7,1,mid,mid,mentalHealth,21.83,Enjoys quiet time,0
Jordan,7,4,strong,offline,No,11,2,low,low,mentalHealth,20.11,,0
Jordan,0,0,strong,online,No,10,0,low,strong,looks,0.94,Prefers staying home,1
Jordan,5,5,low,online,No,19,0,strong,mid,mentalHealth,23.88,,0
Casey,1,1,strong,online,No,4,5,mid,mid,looks,8.55,Likes adventure,0
Jamie,4,3,mid,offline,No,1,3,strong,low,looks,10.64,Likes adventure,0
Riley,7,2,low,offline,No,6,0,low,strong,mentalHealth,6.31,Enjoys quiet time,0
Avery,10,1,low,online,No,17,4,mid,low,looks,9.42,Prefers staying home,1
Jordan,2,2,strong,online,No,18,4,low,mid,looks,2.31,Loves going out,1
Alex,10,0,strong,online,Yes,6,5,strong,mid,looks,7.77,Enjoys quiet time,1
Avery,3,2,mid,online,No,6,0,low,mid,mentalHealth,20.1,Loves going out,1
Casey,3,0,low,offline,No,0,0,low,mid,mentalHealth,14.76,,1
Casey,9,5,strong,online,Yes,11,5,low,strong,looks,14.87,Enjoys quiet time,1
Morgan,5,1,mid,offline,Yes,4,0,strong,mid,looks,12.57,Enjoys quiet time,1
Jordan,9,7,mid,offline,No,2,5,mid,mid,looks,23.36,Loves going out,1
Riley,5,1,low,offline,Yes,17,0,mid,strong,looks,15.51,Prefers staying home,0
Morgan,2,1,mid,online,No,5,5,mid,mid,mentalHealth,17.58,Likes adventure,1
Alex,8,1,strong,online,No,4,4,mid,low,mentalHealth,13.63,,1
Taylor,0,0,low,offline,Yes,5,5,mid,strong,mentalHealth,19.85,Likes adventure,0
Jordan,1,0,mid,online,Yes,15,2,strong,low,mentalHealth,9.81,Prefers staying home,1
Riley,5,5,mid,online,Yes,6,4,low,low,mentalHealth,10.45,Loves going out,0
Casey,9,2,strong,online,No,3,0,mid,low,mentalHealth,8.92,Loves going out,0
Jamie,6,3,mid,offline,No,7,0,low,strong,mentalHealth,4.73,Enjoys quiet time,1
Morgan,3,2,low,online,No,19,5,mid,low,mentalHealth,9.56,,0
Jordan,3,1,mid,offline,Yes,6,3,low,mid,looks,16.54,,1
Morgan,7,2,mid,offline,No,7,1,strong,mid,looks,12.21,Prefers staying home,0
Jamie,4,4,strong,offline,No,8,5,mid,low,mentalHealth,19.58,,0
Riley,10,6,strong,offline,No,12,2,mid,strong,looks,7.09,Enjoys quiet time,1
Casey,1,0,mid,online,No,10,2,low,mid,mentalHealth,8.08,Enjoys quiet time,0
Riley,3,0,low,online,No,20,2,strong,strong,looks,10.39,Prefers staying home,0
Taylor,0,0,low,offline,Yes,7,0,mid,mid,looks,20.61,,0
Casey,10,9,mid,online,No,3,3,mid,low,looks,8.07,Likes adventure,1
Alex,6,4,low,online,No,17,3,mid,mid,mentalHealth,5.3,Likes adventure,0
Morgan,8,4,low,online,Yes,1,3,mid,low,looks,15.9,Prefers staying home,1
Casey,0,0,mid,online,Yes,16,0,low,low,mentalHealth,5.52,Enjoys quiet time,1
Morgan,9,0,mid,offline,No,17,3,strong,mid,looks,20.86,Loves going out,1
Casey,10,3,low,offline,Yes,9,0,low,low,mentalHealth,18.23,Likes adventure,0
Riley,0,0,strong,offline,Yes,2,1,mid,low,mentalHealth,8.62,Prefers staying home,1
Casey,10,6,low,online,Yes,5,1,mid,low,looks,9.27,,0
Alex,6,6,low,online,No,11,0,strong,low,looks,4.06,Loves going out,1
Taylor,5,1,low,online,Yes,0,3,strong,strong,mentalHealth,19.35,Prefers staying home,0
Jamie,7,2,strong,online,Yes,6,0,strong,low,looks,11.77,Prefers staying home,1
Morgan,6,5,strong,offline,Yes,15,4,strong,strong,mentalHealth,15.88,Loves going out,1
Casey,8,8,low,online,No,16,2,mid,strong,mentalHealth,18.86,Loves going out,1
Taylor,10,9,strong,online,No,17,0,low,strong,mentalHealth,18.76,,1
Riley,2,1,mid,online,Yes,9,0,low,strong,mentalHealth,6.02,Prefers staying home,1
Alex,7,1,low,online,No,16,4,low,mid,mentalHealth,15.16,Likes adventure,0
Casey,1,1,mid,offline,Yes,18,1,mid,strong,looks,15.04,Likes adventure,0
Casey,7,3,mid,offline,Yes,5,2,mid,mid,mentalHealth,22.86,Loves going out,0
Jamie,8,1,low,online,Yes,11,2,mid,mid,mentalHealth,12.41,,1
Jordan,2,0,low,offline,No,9,5,strong,low,looks,21.8,,0
Riley,2,0,strong,online,No,17,2,low,strong,looks,21.98,Loves going out,0
Alex,9,6,strong,offline,Yes,2,0,strong,low,looks,0.74,Prefers staying home,1
Taylor,7,2,strong,offline,No,11,5,mid,strong,looks,18.18,Loves going out,1
Riley,10,6,strong,offline,Yes,14,5,strong,low,looks,7.37,Likes adventure,0
Jordan,9,1,low,offline,Yes,9,1,low,strong,looks,18.3,Enjoys quiet time,0
Alex,7,1,mid,offline,Yes,8,2,mid,strong,mentalHealth,0.69,Loves going out,0
Morgan,8,6,mid,offline,No,0,3,mid,low,mentalHealth,8.78,Enjoys quiet time,1
Morgan,3,2,strong,offline,No,9,3,strong,low,mentalHealth,13.5,Prefers staying home,1
Jamie,6,4,strong,offline,Yes,18,1,strong,mid,looks,15.95,Loves going out,1
Casey,3,1,strong,offline,Yes,10,0,mid,low,mentalHealth,15.22,Prefers staying home,0
Morgan,7,2,strong,online,Yes,3,4,strong,strong,mentalHealth,10.11,Prefers staying home,0
Jordan,5,0,mid,offline,Yes,19,0,mid,mid,mentalHealth,0.45,Likes adventure,1
Casey,10,6,strong,online,No,18,2,strong,low,looks,4.98,Prefers staying home,1
Alex,5,1,mid,online,No,12,4,mid,mid,looks,20.3,Likes adventure,1
Jordan,10,4,mid,online,No,3,2,low,mid,mentalHealth,10.78,Enjoys quiet time,1
Casey,0,0,strong,offline,Yes,2,0,low,strong,looks,7.55,Likes adventure,1
Taylor,9,2,strong,offline,Yes,2,2,strong,mid,looks,12.14,Enjoys quiet time,1
Riley,9,2,mid,offline,No,4,0,mid,mid,mentalHealth,19.79,,1
Avery,3,0,low,online,Yes,19,3,low,low,mentalHealth,3.49,Enjoys quiet time,1
Taylor,1,0,strong,online,Yes,3,0,strong,low,looks,22.66,Loves going out,1
Jamie,7,7,strong,offline,No,15,5,mid,strong,mentalHealth,0.83,Prefers staying home,1
Jordan,2,1,low,offline,No,14,3,mid,mid,mentalHealth,2.83,Enjoys quiet time,0
Alex,4,4,strong,offline,No,13,1,strong,mid,looks,10.5,,1
Casey,2,1,mid,offline,No,3,4,strong,strong,mentalHealth,23.17,,0
Alex,7,4,low,offline,No,11,1,mid,low,looks,5.12,Enjoys quiet time,1
Casey,4,0,mid,online,Yes,20,0,strong,mid,looks,0.18,Loves going out,1
Jordan,2,2,mid,offline,No,15,0,mid,mid,looks,15.74,Likes adventure,1
Jamie,10,5,strong,offline,Yes,15,1,low,low,mentalHealth,22.69,Prefers staying home,0
Riley,1,0,low,online,No,16,2,strong,low,looks,12.11,Likes adventure,0
Alex,4,0,low,online,Yes,8,5,low,mid,looks,3.64,Loves going out,0
Jamie,7,0,strong,online,Yes,12,2,mid,mid,mentalHealth,7.53,Loves going out,0
Morgan,3,0,mid,offline,Yes,3,4,strong,mid,mentalHealth,4.56,,0
Avery,0,0,mid,offline,No,12,0,low,low,mentalHealth,8.48,,1
Jordan,5,4,low,online,No,8,0,strong,mid,mentalHealth,15.47,,0
Avery,1,1,mid,online,No,13,1,low,strong,looks,2.84,Enjoys quiet time,0
Jamie,0,0,mid,online,Yes,17,1,low,low,mentalHealth,16.81,Prefers staying home,0
Avery,4,1,mid,online,Yes,2,1,strong,mid,looks,18.69,,1
Jordan,0,0,mid,offline,Yes,6,3,low,low,mentalHealth,9.11,Loves going out,1
Morgan,6,0,mid,online,Yes,18,3,strong,mid,looks,20.63,Likes adventure,1
Jordan,0,0,strong,offline,No,0,2,low,mid,looks,16.38,Likes adventure,0
Avery,8,2,strong,offline,Yes,6,0,low,low,mentalHealth,19.75,,0
Alex,0,0,mid,offline,Yes,13,0,strong,low,mentalHealth,15.16,Prefers staying home,1
Morgan,3,0,mid,offline,Yes,14,0,mid,strong,looks,15.08,Prefers staying home,0
Avery,0,0,strong,offline,No,19,2,mid,low,mentalHealth,23.55,Likes adventure,0
Casey,6,4,mid,online,Yes,10,3,mid,strong,mentalHealth,22.98,Prefers staying home,1
Morgan,4,2,low,online,No,9,2,mid,strong,mentalHealth,18.05,Enjoys quiet time,0
Casey,8,8,strong,offline,No,7,0,strong,mid,looks,15.65,Loves going out,1
Casey,7,2,strong,online,Yes,15,5,mid,low,looks,22.05,Enjoys quiet time,0
Jamie,1,0,low,offline,Yes,3,1,strong,low,mentalHealth,16.7,Loves going out,0
Jordan,3,3,mid,online,Yes,7,1,low,strong,looks,10.73,,0
Alex,9,2,low,online,Yes,17,1,mid,strong,mentalHealth,3.19,Loves going out,1
Jordan,5,0,mid,offline,No,3,1,strong,mid,mentalHealth,11.39,Prefers staying home,0
Casey,9,3,strong,offline,Yes,5,3,mid,strong,mentalHealth,12.95,Loves going out,0
Alex,6,5,strong,online,No,3,5,low,low,mentalHealth,23.47,Loves going out,0
Casey,4,0,mid,online,No,6,0,low,mid,looks,11.36,Loves going out,1
Avery,0,0,strong,online,No,13,4,mid,mid,looks,0.15,Likes adventure,1
Riley,9,7,mid,online,Yes,14,1,strong,strong,looks,8.93,Loves going out,1
Morgan,7,0,mid,offline,Yes,18,5,strong,strong,looks,18.98,Likes adventure,0
Jamie,1,0,strong,online,Yes,20,0,strong,strong,looks,2.49,,1
Taylor,3,2,mid,offline,Yes,19,1,low,strong,mentalHealth,3.16,Enjoys quiet time,0
Casey,9,5,strong,online,No,10,4,low,strong,mentalHealth,0.86,Prefers staying home,1
Alex,6,4,strong,offline,Yes,17,1,strong,low,looks,1.73,Prefers staying home,1
Casey,9,1,low,online,No,17,0,strong,low,mentalHealth,18.28,Enjoys quiet time,0
Riley,8,0,strong,offline,Yes,16,3,low,strong,looks,11.92,,1
Jordan,5,4,low,offline,Yes,14,2,low,strong,looks,22.5,Loves going out,1
Taylor,6,0,low,online,Yes,5,4,strong,low,looks,20.88,Loves going out,0
Taylor,1,0,mid,offline,Yes,7,4,mid,strong,looks,8.32,Likes adventure,0
Riley,1,0,strong,online,No,3,5,mid,low,mentalHealth,22.24,Likes adventure,0
Avery,9,3,low,online,Yes,17,1,mid,low,looks,0.12,Enjoys quiet time,0
Jamie,9,2,low,offline,No,13,1,mid,low,mentalHealth,20.1,Enjoys quiet time,1
Alex,0,0,mid,online,No,19,3,mid,low,mentalHealth,14.37,Enjoys quiet time,0
Casey,9,1,mid,online,Yes,16,0,strong,low,looks,10.96,Loves going out,1
Jordan,1,1,mid,offline,Yes,17,5,low,mid,looks,12.34,Enjoys quiet time,0
Taylor,10,9,mid,online,No,12,3,mid,strong,mentalHealth,11.81,Enjoys quiet time,0
Jamie,3,0,strong,offline,Yes,2,1,low,mid,mentalHealth,4.08,Loves going out,0
Morgan,9,7,strong,online,No,10,3,low,strong,mentalHealth,17.68,,0
Riley,5,2,low,online,Yes,1,5,strong,low,looks,9.94,,0
Alex,2,2,low,offline,No,19,3,low,mid,mentalHealth,9.18,Enjoys quiet time,0
Alex,6,2,strong,offline,No,14,3,strong,low,mentalHealth,5.24,Enjoys quiet time,1
Jordan,4,2,strong,offline,No,4,0,mid,strong,mentalHealth,22.31,Enjoys quiet time,0
Taylor,9,8,strong,offline,Yes,11,4,strong,low,mentalHealth,16.96,Likes adventure,1
Riley,1,1,strong,offline,Yes,6,3,strong,mid,looks,6.4,Loves going out,0
Jordan,2,1,mid,online,No,14,4,low,strong,mentalHealth,4.22,,1
Jordan,6,2,strong,online,No,3,1,mid,strong,looks,4.49,,1
Casey,6,1,strong,offline,Yes,17,1,low,mid,looks,18.93,Enjoys quiet time,0
Avery,10,6,low,online,No,19,2,mid,strong,mentalHealth,5.39,Enjoys quiet time,1
Jamie,4,4,low,online,Yes,14,5,mid,low,looks,1.66,,0
Taylor,9,2,mid,offline,No,12,3,mid,mid,looks,6.97,Prefers staying home,1
Jordan,5,3,mid,online,No,14,0,mid,mid,looks,17.82,Prefers staying home,0
Taylor,7,1,strong,offline,Yes,0,3,strong,strong,mentalHealth,6.37,Enjoys quiet time,0
Jamie,1,1,strong,online,Yes,6,4,mid,strong,looks,17.5,Loves going out,1
Jamie,1,1,mid,online,Yes,20,3,strong,low,mentalHealth,7.41,Loves going out,1
Avery,7,3,low,online,Yes,7,4,low,low,mentalHealth,15.75,Loves going out,1
Morgan,1,0,low,offline,No,14,0,mid,mid,mentalHealth,2.02,Loves going out,1
Jordan,3,1,low,online,Yes,15,5,mid,strong,looks,19.41,Prefers staying home,1
Jordan,1,1,mid,online,No,11,3,mid,low,looks,7.02,Enjoys quiet time,1
Avery,5,2,mid,offline,No,5,5,low,mid,mentalHealth,14.8,Prefers staying home,1
Jordan,1,1,low,online,No,13,1,low,low,mentalHealth,18.03,Loves going out,1
Riley,5,2,mid,offline,No,10,3,low,mid,mentalHealth,15.4,Enjoys quiet time,0
Casey,7,6,strong,offline,Yes,12,5,strong,mid,mentalHealth,21.01,Likes adventure,0
Jamie,2,0,strong,offline,Yes,4,3,low,strong,looks,11.93,Prefers staying home,1
Taylor,2,2,mid,offline,No,1,1,low,strong,looks,10.27,Prefers staying home,0
Jordan,8,0,low,online,No,16,0,low,mid,looks,4.61,Prefers staying home,1
Casey,0,0,mid,offline,Yes,5,3,strong,mid,mentalHealth,4.72,Enjoys quiet time,1
Taylor,6,5,low,offline,Yes,5,3,strong,strong,looks,14.83,,1
Jamie,9,4,low,online,Yes,10,0,low,low,looks,14.04,,1
Casey,4,0,mid,online,No,11,2,mid,mid,looks,17.61,Likes adventure,1
Taylor,8,3,mid,online,Yes,17,1,low,low,mentalHealth,14.73,Likes adventure,0
Morgan,1,0,mid,offline,No,15,2,mid,mid,looks,8.66,Enjoys quiet time,0
Jordan,3,2,strong,offline,No,3,2,strong,strong,looks,5.27,Loves going out,1
Riley,6,6,mid,offline,Yes,17,4,mid,low,looks,4.14,Enjoys quiet time,0
Morgan,10,0,mid,offline,No,6,0,strong,strong,mentalHealth,8.6,Likes adventure,1
Morgan,1,1,strong,online,No,19,5,mid,strong,mentalHealth,2.98,,0
Riley,10,9,mid,online,No,9,2,mid,mid,looks,7.34,,1
Avery,2,1,low,online,No,7,2,mid,mid,looks,15.8,Enjoys quiet time,1
Morgan,5,4,low,offline,No,0,3,low,mid,looks,11.64,Loves going out,0
Alex,1,0,strong,online,Yes,12,1,low,mid,looks,9.63,Prefers staying home,1
Casey,2,1,low,offline,No,3,2,strong,low,looks,3.97,,0
Jordan,8,1,mid,online,No,17,4,strong,low,mentalHealth,1.96,Loves going out,1
Alex,2,1,strong,online,No,6,5,low,mid,looks,23.67,Enjoys quiet time,1
Morgan,8,8,mid,online,Yes,15,4,strong,mid,mentalHealth,14.8,Loves going out,0
Taylor,1,1,low,online,Yes,17,5,strong,low,mentalHealth,18.07,,1
Casey,0,0,strong,offline,Yes,9,2,mid,low,mentalHealth,18.42,,0
Morgan,4,2,low,online,No,19,4,strong,strong,mentalHealth,3.01,Enjoys quiet time,1
Taylor,0,0,strong,offline,Yes,16,2,low,low,mentalHealth,7.27,,1
Taylor,1,1,mid,online,Yes,8,5,mid,low,mentalHealth,16.94,Loves going out,1
Riley,3,3,low,online,Yes,14,3,low,low,looks,16.16,Likes adventure,0
Jamie,4,2,mid,offline,No,12,3,strong,mid,looks,10.73,,1
Casey,8,4,mid,online,Yes,3,0,low,strong,mentalHealth,13.95,Loves going out,0
Jordan,6,3,low,online,No,18,5,mid,mid,mentalHealth,17.13,Prefers staying home,0
Taylor,4,1,low,offline,Yes,17,0,strong,low,mentalHealth,1.65,Likes adventure,1
Morgan,5,2,low,online,Yes,0,2,strong,low,mentalHealth,19.83,Prefers staying home,0
Riley,1,1,strong,offline,Yes,16,5,strong,low,mentalHealth,8.78,Prefers staying home,0
Casey,3,3,low,online,No,14,2,strong,low,mentalHealth,10.48,,0
Riley,3,3,mid,online,Yes,9,1,strong,low,mentalHealth,17.39,Loves going out,0
Avery,10,4,mid,online,No,12,3,mid,strong,mentalHealth,19.07,Enjoys quiet time,0
Morgan,1,1,mid,offline,Yes,11,0,mid,strong,mentalHealth,19.6,Likes adventure,0
Alex,0,0,mid,offline,No,7,5,strong,strong,looks,5.94,Enjoys quiet time,0
Jordan,1,0,low,offline,No,14,3,low,mid,looks,10.53,Prefers staying home,1
Morgan,6,1,low,online,Yes,7,0,mid,strong,looks,3.37,Likes adventure,1
Jamie,6,5,strong,online,No,6,3,strong,low,mentalHealth,19.56,,0
Morgan,9,3,low,online,No,16,1,low,mid,looks,21.6,Prefers staying home,0
Taylor,2,1,low,offline,No,15,1,low,mid,looks,12.34,,0
Taylor,2,0,low,online,Yes,18,4,strong,mid,looks,12.01,Loves going out,0
Taylor,1,1,strong,offline,Yes,17,0,strong,low,looks,5.34,Prefers staying home,1
Jamie,3,2,mid,online,Yes,19,2,mid,low,mentalHealth,2.74,,0
Jamie,9,6,mid,offline,No,15,4,mid,low,looks,10.86,,1
Jordan,8,6,mid,offline,Yes,5,0,mid,strong,mentalHealth,10.49,Loves going out,1
Riley,4,1,low,online,Yes,7,1,strong,strong,looks,4.74,Prefers staying home,1
Casey,9,6,strong,offline,No,7,3,mid,mid,mentalHealth,11.44,,0
Alex,1,0,low,online,No,7,0,strong,mid,looks,14.9,Prefers staying home,0
Taylor,0,0,mid,offline,No,2,3,strong,low,mentalHealth,19.53,Prefers staying home,1
Avery,6,3,low,online,Yes,20,3,strong,low,mentalHealth,7.46,Likes adventure,0
Riley,4,1,mid,online,Yes,13,2,mid,mid,looks,19.97,Loves going out,1
Taylor,0,0,low,online,Yes,8,5,low,mid,looks,13.89,Loves going out,1
Morgan,2,1,low,offline,Yes,0,3,strong,mid,mentalHealth,5.83,Prefers staying home,0
Casey,1,0,mid,online,No,17,2,low,strong,looks,0.41,,0
Jamie,1,1,strong,offline,Yes,15,4,low,mid,looks,20.59,Loves going out,0
Alex,3,2,strong,online,No,7,1,strong,strong,mentalHealth,12.27,Enjoys quiet time,0
Taylor,8,8,mid,online,No,17,0,strong,low,looks,19.24,Loves going out,0
Riley,2,2,strong,online,Yes,9,4,low,low,looks,20.94,,0
Jamie,5,4,strong,offline,No,10,4,strong,strong,looks,6.06,Likes adventure,1
Casey,8,8,mid,offline,Yes,1,5,low,low,mentalHealth,18.3,Enjoys quiet time,0
Riley,5,1,low,online,Yes,4,2,low,low,mentalHealth,7.0,Likes adventure,0
Taylor,4,0,mid,offline,Yes,5,2,mid,strong,mentalHealth,21.42,Likes adventure,0
Morgan,10,6,low,online,Yes,1,3,strong,low,looks,10.15,Enjoys quiet time,1
Avery,1,1,mid,online,Yes,20,1,low,low,mentalHealth,22.42,Loves going out,0
Taylor,1,1,mid,online,No,11,3,low,low,mentalHealth,15.1,Enjoys quiet time,0
Casey,3,1,low,offline,No,17,2,low,low,mentalHealth,9.78,,1
Riley,4,1,mid,offline,Yes,19,2,strong,mid,mentalHealth,8.23,,0
Avery,5,4,low,offline,No,3,3,strong,strong,looks,9.25,,1
Alex,2,0,strong,online,No,13,5,mid,low,mentalHealth,12.82,Loves going out,0
Morgan,6,3,mid,offline,No,12,2,mid,mid,mentalHealth,21.13,Prefers staying home,0
Casey,8,5,low,offline,Yes,9,3,strong,strong,looks,22.39,Prefers staying home,0
Riley,2,0,low,offline,Yes,4,2,strong,mid,mentalHealth,20.84,Prefers staying home,0
Riley,3,2,low,offline,Yes,4,5,mid,mid,mentalHealth,10.85,Enjoys quiet time,1
Alex,1,0,mid,offline,Yes,8,2,strong,mid,mentalHealth,14.62,Likes adventure,1
Alex,0,0,mid,offline,Yes,1,0,low,low,mentalHealth,7.49,,0
Jordan,1,0,strong,online,Yes,0,0,low,mid,mentalHealth,18.42,Likes adventure,1
Jamie,4,4,low,offline,Yes,13,2,low,low,mentalHealth,7.52,Enjoys quiet time,1
Morgan,10,8,low,online,No,2,4,mid,mid,mentalHealth,23.87,Loves going out,0
Alex,2,1,mid,offline,Yes,19,1,low,strong,looks,8.92,Enjoys quiet time,1
Jordan,7,2,low,online,No,7,5,strong,low,looks,5.64,,1
Jordan,7,7,strong,offline,Yes,13,2,strong,mid,looks,0.26,Loves going out,0
Jordan,6,5,strong,offline,Yes,0,0,mid,mid,mentalHealth,3.59,Loves going out,1
Morgan,0,0,mid,online,Yes,5,2,mid,mid,mentalHealth,13.48,Loves going out,0
Jordan,3,3,strong,offline,Yes,15,4,low,mid,mentalHealth,6.39,Prefers staying home,1
Riley,8,2,strong,online,Yes,12,3,mid,strong,mentalHealth,19.02,,0
Jamie,10,8,low,offline,Yes,18,2,low,strong,looks,10.91,Likes adventure,1
Alex,9,7,strong,online,Yes,7,3,mid,strong,looks,5.28,Likes adventure,1
Alex,2,2,low,offline,Yes,18,3,low,mid,mentalHealth,21.12,Likes adventure,0
Morgan,9,6,low,offline,No,8,0,strong,mid,mentalHealth,17.06,,1
Alex,6,3,mid,online,No,8,0,low,low,looks,7.44,,1
Avery,6,5,strong,offline,Yes,20,5,low,strong,looks,15.48,,0
Jamie,3,1,mid,online,Yes,18,2,strong,mid,mentalHealth,20.84,Enjoys quiet time,1
Taylor,0,0,mid,offline,Yes,11,2,strong,mid,mentalHealth,19.35,Prefers staying home,0
Casey,9,6,strong,offline,Yes,18,1,mid,mid,mentalHealth,0.51,Enjoys quiet time,1
Avery,3,1,mid,online,Yes,7,1,low,strong,looks,13.55,Likes adventure,1
Jamie,9,8,mid,offline,No,3,2,low,mid,looks,15.83,Prefers staying home,0
Jordan,3,3,low,offline,Yes,14,0,low,mid,mentalHealth,23.49,Enjoys quiet time,1
Jamie,8,2,low,online,Yes,19,0,low,strong,looks,17.52,,0
Casey,8,8,mid,offline,Yes,8,0,low,low,looks,7.02,Loves going out,0
Taylor,2,1,strong,online,Yes,5,1,low,mid,looks,4.54,Prefers staying home,1
Taylor,3,1,strong,offline,No,6,0,low,low,looks,15.96,Enjoys quiet time,1
Morgan,2,1,low,online,Yes,8,5,mid,mid,looks,1.21,,0
Alex,3,1,strong,online,No,1,4,low,mid,looks,19.68,Prefers staying home,0
Taylor,2,2,strong,online,Yes,19,2,low,low,mentalHealth,4.81,Loves going out,0
Morgan,10,6,strong,online,Yes,16,2,strong,low,mentalHealth,19.71,Prefers staying home,0
Avery,8,7,low,online,No,17,4,strong,mid,looks,9.14,Enjoys quiet time,1
Taylor,6,1,mid,offline,Yes,14,0,strong,mid,looks,12.35,Enjoys quiet time,0
Alex,3,1,strong,offline,Yes,9,2,mid,low,mentalHealth,15.59,Enjoys quiet time,0
Riley,0,0,strong,online,No,18,2,mid,low,mentalHealth,15.7,Enjoys quiet time,0
Morgan,3,3,strong,offline,No,15,1,strong,mid,looks,11.63,,1
Morgan,10,10,strong,offline,Yes,7,2,mid,strong,mentalHealth,2.34,Prefers staying home,0
Morgan,6,5,strong,online,No,9,0,strong,low,mentalHealth,1.67,,1
Taylor,2,1,strong,offline,No,5,0,strong,strong,looks,7.17,,1
Jordan,4,2,strong,online,No,15,5,low,strong,mentalHealth,12.93,Loves going out,0
Alex,6,0,strong,online,No,4,0,strong,mid,mentalHealth,14.76,Likes adventure,0
Taylor,5,4,low,online,Yes,17,1,low,mid,looks,2.74,,0
Taylor,7,0,low,offline,No,14,5,low,low,mentalHealth,20.68,Prefers staying home,0
Taylor,9,3,low,online,Yes,5,4,mid,low,looks,16.42,,0
Riley,4,4,mid,offline,Yes,0,1,mid,strong,looks,1.8,Prefers staying home,1
Riley,8,7,strong,online,No,20,5,mid,mid,mentalHealth,16.63,Prefers staying home,0
Alex,9,1,low,offline,No,13,3,low,mid,looks,22.91,Prefers staying home,1
Taylor,1,0,low,online,No,1,1,strong,low,mentalHealth,10.35,,1
Casey,10,6,low,offline,Yes,4,0,strong,strong,looks,6.67,Likes adventure,1
Casey,5,2,mid,online,No,18,4,low,mid,looks,1.61,Prefers staying home,0
Jamie,7,5,strong,online,Yes,14,0,strong,low,looks,11.37,Likes adventure,0
Alex,6,1,low,online,No,11,2,low,mid,mentalHealth,1.86,,0
Morgan,0,0,strong,offline,No,8,4,mid,low,looks,22.46,Prefers staying home,1
Alex,1,1,strong,offline,Yes,4,5,strong,mid,mentalHealth,20.46,Enjoys quiet time,1
Morgan,2,1,mid,offline,No,3,3,strong,low,mentalHealth,2.24,Prefers staying home,0
Jamie,10,0,low,offline,Yes,4,5,mid,low,mentalHealth,20.2,Likes adventure,0
Avery,7,6,low,offline,Yes,17,5,mid,low,looks,8.44,Prefers staying home,1
Casey,5,3,low,online,Yes,7,3,low,strong,mentalHealth,12.07,,1
Casey,7,5,low,online,No,11,5,strong,strong,mentalHealth,22.15,Prefers staying home,1
Avery,5,1,mid,online,Yes,10,4,low,low,looks,19.07,Likes adventure,0
Riley,9,7,mid,offline,Yes,11,0,low,mid,looks,11.92,,1
Taylor,7,4,low,offline,Yes,13,0,low,low,mentalHealth,22.02,Enjoys quiet time,0
Taylor,3,1,low,online,Yes,3,1,low,low,mentalHealth,11.55,Enjoys quiet time,1
Jamie,1,0,low,offline,Yes,20,1,low,strong,looks,9.8,Loves going out,0
Casey,3,0,low,offline,No,16,4,mid,mid,mentalHealth,5.82,Loves going out,0
Alex,7,7,mid,online,No,8,1,strong,strong,mentalHealth,3.42,,1
Taylor,6,0,mid,offline,No,20,3,strong,low,mentalHealth,9.54,,0
Casey,8,6,strong,offline,No,12,4,strong,strong,looks,9.58,Prefers staying home,0
Jamie,7,7,mid,online,Yes,11,3,strong,mid,mentalHealth,0.82,Prefers staying home,1
Morgan,8,5,low,online,No,13,4,strong,mid,mentalHealth,3.37,,1
Jordan,1,0,strong,offline,Yes,1,5,low,strong,looks,20.33,,0
Jordan,1,0,strong,online,No,16,1,strong,strong,mentalHealth,14.84,Prefers staying home,0
Avery,0,0,low,offline,Yes,17,1,mid,mid,looks,11.16,Enjoys quiet time,0
Riley,1,1,low,online,No,20,1,strong,low,mentalHealth,2.31,,1
Riley,10,10,low,online,Yes,12,1,low,low,looks,5.35,Likes adventure,0
Alex,1,1,strong,offline,No,4,3,mid,low,mentalHealth,18.2,,0
Jordan,10,8,mid,offline,Yes,0,0,low,low,mentalHealth,6.67,Prefers staying home,1
Alex,6,4,strong,offline,No,15,0,mid,low,mentalHealth,21.2,Prefers staying home,1
Casey,7,6,low,offline,Yes,14,0,mid,low,looks,2.25,Enjoys quiet time,1
Casey,2,0,mid,offline,No,3,4,strong,strong,mentalHealth,23.14,Prefers staying home,1
Morgan,5,1,low,online,Yes,14,1,low,mid,mentalHealth,23.67,Loves going out,1
Casey,0,0,low,offline,No,17,1,mid,strong,mentalHealth,21.41,,0
Alex,1,0,strong,offline,No,14,2,low,strong,looks,22.36,Prefers staying home,0
Alex,8,1,low,online,No,17,3,low,mid,looks,19.63,Likes adventure,1
Morgan,7,1,strong,offline,No,8,3,low,mid,mentalHealth,11.56,Loves going out,0
Casey,7,4,strong,offline,No,5,5,low,mid,mentalHealth,18.39,Loves going out,1
Taylor,8,2,mid,online,No,8,2,strong,low,mentalHealth,13.73,Loves going out,0
Jordan,6,2,strong,online,Yes,4,3,low,strong,mentalHealth,11.12,Likes adventure,1
Alex,6,6,low,online,Yes,0,0,strong,low,mentalHealth,20.37,Loves going out,0
Avery,1,0,strong,offline,No,20,2,mid,mid,looks,11.06,Prefers staying home,0
Avery,10,8,mid,online,Yes,3,3,mid,mid,looks,20.15,Prefers staying home,0
Avery,2,2,mid,online,No,15,3,low,strong,mentalHealth,1.85,,1
Avery,6,4,strong,online,No,1,2,mid,strong,looks,20.03,,0
Avery,3,3,strong,offline,No,20,0,strong,low,looks,23.85,Likes adventure,0
Alex,6,4,mid,offline,No,7,3,mid,strong,mentalHealth,14.73,Prefers staying home,0
Taylor,2,1,strong,online,No,5,2,strong,mid,looks,20.23,Prefers staying home,0
Alex,10,3,mid,offline,Yes,7,0,strong,mid,mentalHealth,15.01,Prefers staying home,1
Taylor,3,0,low,online,No,19,2,strong,strong,looks,21.97,Prefers staying home,0
Jamie,3,2,mid,offline,Yes,17,5,mid,mid,mentalHealth,10.57,Enjoys quiet time,1
Riley,4,3,mid,online,No,4,4,strong,strong,looks,20.77,Loves going out,0
Morgan,1,1,low,online,No,0,2,strong,low,looks,21.19,Prefers staying home,1
Jordan,3,1,strong,online,Yes,15,5,low,strong,looks,20.31,Likes adventure,1
Casey,3,1,strong,online,No,14,4,mid,strong,looks,6.34,Loves going out,1
Casey,8,4,low,online,No,19,5,mid,mid,mentalHealth,15.57,Prefers staying home,0
Avery,7,5,strong,online,Yes,8,0,low,strong,looks,16.79,Likes adventure,1
Riley,1,1,low,online,Yes,13,2,strong,mid,looks,11.77,Loves going out,0
Morgan,2,1,low,online,No,18,4,strong,low,mentalHealth,19.05,Enjoys quiet time,0
Jamie,5,5,strong,offline,Yes,4,4,low,mid,mentalHealth,15.17,Loves going out,1
Jamie,10,9,mid,offline,No,5,0,strong,strong,mentalHealth,6.12,Prefers staying home,1
Jamie,2,2,strong,online,No,0,0,low,strong,looks,11.12,Prefers staying home,0
Riley,10,5,mid,online,No,20,0,mid,mid,looks,19.45,Likes adventure,0
Jamie,6,0,strong,online,Yes,7,2,strong,strong,looks,8.65,Loves going out,1
Riley,4,3,low,online,Yes,20,4,low,mid,mentalHealth,8.12,Enjoys quiet time,0
Riley,6,2,mid,online,No,13,1,low,strong,mentalHealth,11.21,,0
Casey,2,0,low,offline,No,11,1,low,low,looks,5.74,Prefers staying home,1
Casey,3,3,strong,online,No,0,3,mid,strong,looks,6.38,,1
Casey,6,1,strong,online,Yes,20,2,strong,mid,mentalHealth,4.9,Prefers staying home,0
Taylor,6,4,strong,online,Yes,18,0,mid,mid,looks,4.31,Loves going out,1
Morgan,10,0,low,online,Yes,1,0,strong,strong,looks,0.84,Prefers staying home,0
Morgan,1,0,mid,offline,No,2,1,strong,low,looks,20.44,,1
Jordan,10,6,strong,offline,No,6,2,low,strong,looks,20.57,Loves going out,1
Alex,7,3,low,online,No,2,5,mid,strong,looks,11.92,Loves going out,0
Casey,5,0,strong,online,No,2,4,strong,mid,mentalHealth,12.41,Prefers staying home,1
Morgan,7,0,mid,online,Yes,0,5,strong,strong,looks,0.07,,0
Alex,6,6,low,online,Yes,18,5,low,mid,mentalHealth,20.53,Likes adventure,0
Alex,6,1,low,online,No,8,0,strong,mid,looks,21.04,Prefers staying home,1
Casey,9,3,strong,offline,No,1,5,low,strong,looks,22.9,,0
Jamie,9,8,mid,offline,No,8,3,mid,mid,mentalHealth,19.79,Enjoys quiet time,1
Jamie,3,2,mid,offline,Yes,0,3,strong,strong,looks,3.55,,1
Morgan,2,2,low,online,No,10,5,low,strong,looks,15.71,Loves going out,0
Casey,5,5,mid,offline,Yes,4,1,low,low,looks,1.95,Likes adventure,0
Casey,5,3,strong,online,No,19,0,strong,mid,mentalHealth,12.84,Loves going out,0
Alex,3,2,strong,offline,Yes,5,5,mid,low,mentalHealth,9.39,Enjoys quiet time,1
Casey,3,1,low,online,No,19,0,strong,mid,mentalHealth,17.25,,1
Alex,7,6,strong,online,Yes,20,3,mid,low,looks,14.91,Loves going out,0
Alex,4,0,low,online,Yes,11,5,low,mid,mentalHealth,1.51,Likes adventure,0
Jamie,0,0,mid,offline,Yes,14,2,strong,low,looks,21.99,Prefers staying home,0
Jordan,10,8,strong,offline,Yes,16,4,mid,strong,mentalHealth,4.34,,0
Jamie,5,4,mid,offline,No,3,1,strong,strong,mentalHealth,6.41,Likes adventure,0
Taylor,9,1,mid,offline,Yes,5,1,mid,mid,looks,3.19,Likes adventure,1
Avery,10,0,low,online,Yes,15,0,strong,strong,mentalHealth,13.18,,0
Casey,3,0,strong,offline,Yes,17,4,strong,strong,mentalHealth,14.38,Likes adventure,1
Avery,5,5,strong,offline,No,12,4,low,mid,looks,9.89,Enjoys quiet time,1
Morgan,1,1,strong,online,No,1,4,low,low,looks,7.86,Enjoys quiet time,1
Jamie,8,7,mid,online,Yes,16,5,mid,mid,looks,12.56,Enjoys quiet time,1
Casey,1,0,strong,online,No,3,1,low,strong,looks,14.26,Loves going out,1
Jordan,2,0,strong,online,No,15,1,strong,mid,looks,9.53,Enjoys quiet time,1
Jamie,9,6,mid,online,No,16,5,low,low,mentalHealth,18.93,Likes adventure,0
Jamie,2,1,strong,offline,No,1,4,low,low,mentalHealth,7.45,Likes adventure,0
Morgan,2,0,mid,offline,Yes,17,0,low,low,mentalHealth,1.27,,1
Casey,3,3,strong,offline,No,1,0,low,strong,looks,19.01,Prefers staying home,1
Jordan,5,2,mid,online,No,16,5,low,low,mentalHealth,2.94,,1
Riley,0,0,strong,offline,No,0,4,low,strong,looks,18.01,Enjoys quiet time,0
Jamie,6,1,low,online,No,5,5,strong,strong,looks,13.5,Enjoys quiet time,0
Alex,2,2,mid,online,Yes,19,5,strong,strong,mentalHealth,7.04,,0
Morgan,7,4,low,online,Yes,6,0,mid,low,looks,3.42,Loves going out,0
Casey,6,0,mid,offline,No,16,0,low,strong,mentalHealth,5.94,Enjoys quiet time,1
Jamie,0,0,low,online,Yes,19,1,mid,low,mentalHealth,23.85,Likes adventure,0
Riley,7,4,strong,online,Yes,14,2,low,low,mentalHealth,11.16,Loves going out,1
Morgan,4,2,low,online,Yes,14,5,strong,strong,mentalHealth,18.19,Prefers staying home,1
Taylor,1,0,mid,offline,Yes,18,1,low,strong,looks,6.5,,1
Avery,6,4,low,online,No,3,0,mid,low,looks,11.83,Loves going out,0
Casey,6,5,mid,online,Yes,0,3,mid,low,looks,3.38,Likes adventure,1
Avery,1,0,mid,online,Yes,13,2,strong,mid,mentalHealth,12.77,Enjoys quiet time,0
Avery,1,1,mid,online,No,8,5,strong,mid,looks,17.61,Enjoys quiet time,0
Alex,7,6,strong,offline,Yes,20,0,low,low,looks,20.8,Loves going out,1
Jamie,8,1,mid,online,Yes,7,3,mid,low,mentalHealth,18.67,Loves going out,1
Jordan,2,2,strong,online,Yes,1,1,low,strong,looks,7.96,Loves going out,0
Avery,9,5,mid,online,No,6,3,mid,strong,looks,11.8,Loves going out,1
Alex,0,0,strong,online,Yes,12,1,mid,low,looks,7.11,Likes adventure,1
Riley,7,5,low,offline,No,1,1,strong,mid,mentalHealth,14.52,Prefers staying home,0
Jordan,6,0,low,online,No,12,0,low,mid,looks,5.52,,1
Taylor,0,0,strong,offline,No,7,2,low,low,mentalHealth,2.56,,1
Morgan,10,8,strong,offline,No,6,0,low,low,mentalHealth,7.64,Loves going out,0
Jordan,7,6,mid,offline,Yes,10,3,strong,low,looks,7.18,Loves going out,1
Avery,1,0,mid,online,Yes,4,4,low,low,looks,13.73,Enjoys quiet time,0
Taylor,5,2,mid,online,No,0,1,low,mid,looks,0.24,Likes adventure,1
Morgan,3,1,strong,offline,Yes,18,4,strong,mid,looks,3.1,Likes adventure,1
Morgan,3,1,strong,offline,No,2,5,strong,mid,looks,12.15,Loves going out,0
Riley,9,1,low,online,Yes,8,3,mid,mid,mentalHealth,15.76,Enjoys quiet time,1
Riley,6,2,low,online,Yes,8,4,low,low,mentalHealth,8.87,,0
Jamie,2,2,strong,offline,Yes,12,1,strong,mid,mentalHealth,3.99,Enjoys quiet time,0
Casey,9,7,strong,offline,No,8,5,low,mid,mentalHealth,13.97,Prefers staying home,0
Alex,6,1,mid,online,Yes,10,4,mid,strong,looks,9.05,Likes adventure,0
Casey,1,1,low,online,Yes,9,0,strong,mid,mentalHealth,8.8,Prefers staying home,0
Jamie,4,4,strong,offline,No,2,0,low,low,looks,4.28,Likes adventure,0
Alex,0,0,low,offline,No,9,3,strong,low,looks,9.43,Enjoys quiet time,1
Riley,9,6,low,online,No,4,0,mid,strong,looks,15.29,Enjoys quiet time,1
Jordan,3,2,strong,offline,Yes,8,0,strong,low,mentalHealth,5.66,Likes adventure,0
Jamie,9,2,mid,online,Yes,2,4,mid,mid,looks,4.01,Loves going out,0
Casey,1,1,strong,online,No,4,1,mid,low,mentalHealth,4.58,Enjoys quiet time,0
Riley,4,2,low,online,No,14,3,low,strong,looks,7.52,,1
Jamie,2,0,strong,offline,Yes,20,3,low,low,mentalHealth,10.53,Prefers staying home,1
Jordan,8,7,strong,online,No,18,1,low,mid,mentalHealth,20.1,Enjoys quiet time,0
Alex,3,3,low,online,No,10,1,strong,low,looks,16.14,Enjoys quiet time,1
Avery,4,1,low,offline,Yes,3,0,strong,mid,mentalHealth,12.59,Likes adventure,0
Avery,8,5,mid,online,Yes,0,3,strong,strong,mentalHealth,10.39,Loves going out,0
Morgan,8,1,mid,online,Yes,20,1,mid,mid,mentalHealth,3.1,Loves going out,1
Taylor,5,3,low,online,No,7,1,strong,mid,mentalHealth,18.14,,1
Morgan,3,1,strong,offline,No,3,3,strong,mid,mentalHealth,21.02,Prefers staying home,0
Alex,5,0,strong,offline,Yes,4,5,strong,low,looks,19.3,Enjoys quiet time,0
Jordan,10,10,strong,offline,No,4,3,low,mid,mentalHealth,19.71,Loves going out,0
Casey,0,0,low,offline,Yes,5,2,mid,low,looks,15.81,Enjoys quiet time,1
Casey,4,4,strong,offline,Yes,3,5,low,strong,looks,2.49,Enjoys quiet time,1
Morgan,8,0,low,offline,No,12,0,mid,low,mentalHealth,12.93,Likes adventure,0
Jordan,7,1,low,offline,No,20,2,strong,strong,looks,8.49,Loves going out,0
Avery,0,0,mid,offline,No,7,0,strong,strong,mentalHealth,21.36,Likes adventure,1
Riley,4,2,strong,online,No,12,1,mid,strong,mentalHealth,2.24,Loves going out,0
Avery,1,1,mid,offline,Yes,17,3,mid,strong,mentalHealth,6.56,Enjoys quiet time,0
Riley,7,3,low,offline,No,5,2,strong,mid,mentalHealth,13.67,Prefers staying home,0
Alex,10,3,strong,online,Yes,5,4,low,strong,mentalHealth,0.96,Loves going out,1
Alex,10,10,strong,online,No,9,2,low,low,mentalHealth,17.99,Prefers staying home,0
Casey,5,5,low,offline,No,20,3,low,mid,mentalHealth,13.52,Prefers staying home,0
Jamie,0,0,low,offline,No,3,3,low,low,mentalHealth,4.2,Prefers staying home,0
Jamie,1,0,mid,offline,No,5,4,mid,strong,mentalHealth,3.43,Prefers staying home,0
Morgan,4,2,strong,online,No,17,0,low,strong,mentalHealth,2.62,Loves going out,1
Casey,10,4,strong,offline,No,14,3,low,strong,mentalHealth,20.7,Likes adventure,1
Riley,8,5,strong,offline,No,12,0,low,low,mentalHealth,20.4,,1
Riley,9,7,strong,offline,No,15,2,mid,low,mentalHealth,16.85,Prefers staying home,1
Jamie,8,1,strong,offline,Yes,3,3,mid,strong,looks,15.05,Likes adventure,0
Avery,1,0,low,online,No,3,5,strong,strong,mentalHealth,9.44,Enjoys quiet time,1
Jordan,10,0,low,online,Yes,6,1,low,strong,looks,12.68,Prefers staying home,1
Morgan,3,0,low,offline,Yes,16,4,mid,low,mentalHealth,8.34,Likes adventure,0
Jordan,1,1,strong,online,No,7,2,mid,mid,mentalHealth,14.2,Likes adventure,1
Morgan,3,1,low,offline,Yes,15,2,low,strong,mentalHealth,19.84,Likes adventure,1
Riley,3,1,low,online,No,4,2,mid,mid,mentalHealth,12.22,Enjoys quiet time,0
Alex,1,0,mid,online,Yes,7,1,strong,mid,mentalHealth,21.09,Prefers staying home,0
Jamie,9,9,low,online,Yes,11,2,low,mid,looks,7.97,Loves going out,1
Casey,5,4,low,offline,No,0,4,low,mid,mentalHealth,20.47,Likes adventure,0
Riley,7,5,mid,online,No,4,4,mid,mid,looks,15.71,Enjoys quiet time,1
Avery,3,0,mid,offline,No,3,0,strong,low,mentalHealth,8.34,Likes adventure,1
Riley,0,0,mid,offline,No,18,2,mid,mid,looks,0.71,Prefers staying home,1
Jamie,6,4,mid,offline,No,15,1,mid,strong,looks,2.23,Loves going out,1
Jordan,9,0,strong,online,Yes,1,3,mid,low,mentalHealth,19.86,,0
Alex,9,3,mid,offline,No,6,5,mid,strong,looks,18.72,,0
Riley,2,1,strong,online,Yes,7,2,low,strong,looks,7.64,Prefers staying home,0
Riley,2,0,strong,online,Yes,6,5,mid,strong,mentalHealth,16.5,Enjoys quiet time,1
Alex,4,2,strong,offline,Yes,15,4,mid,low,looks,15.11,Enjoys quiet time,0
Jamie,7,0,strong,offline,No,16,0,low,low,mentalHealth,19.51,Prefers staying home,0
Alex,7,6,strong,offline,No,1,2,mid,strong,looks,7.46,Likes adventure,0
Jordan,10,3,mid,offline,No,10,2,low,mid,looks,0.36,Prefers staying home,0
Jamie,1,1,strong,online,No,9,0,low,low,looks,17.58,Likes adventure,1
Riley,6,1,mid,offline,No,18,1,strong,mid,mentalHealth,17.49,Prefers staying home,1
Morgan,8,4,low,online,Yes,4,2,low,mid,looks,19.63,Likes adventure,0
Casey,1,1,low,offline,Yes,18,1,low,strong,mentalHealth,11.35,Likes adventure,1
Jamie,7,2,low,online,No,8,4,mid,low,mentalHealth,20.26,Enjoys quiet time,1
Morgan,0,0,low,online,No,10,2,low,strong,mentalHealth,2.86,Loves going out,0
Morgan,6,1,mid,online,No,9,4,low,low,looks,3.55,Prefers staying home,0
Avery,9,2,strong,online,No,7,1,strong,mid,looks,10.06,Prefers staying home,1
Avery,9,9,strong,offline,No,12,0,strong,strong,looks,16.04,Loves going out,0
Jordan,3,1,strong,offline,No,7,4,strong,mid,mentalHealth,17.22,Prefers staying home,0
Jordan,6,5,mid,offline,Yes,6,4,strong,mid,looks,12.01,,1
Avery,7,1,strong,online,No,3,1,strong,low,mentalHealth,12.95,,0
Morgan,7,0,low,online,Yes,8,1,strong,strong,looks,10.05,,0
Casey,1,1,strong,offline,No,8,4,mid,strong,mentalHealth,9.26,Prefers staying home,1
Riley,10,2,low,offline,No,11,1,strong,low,mentalHealth,4.63,Prefers staying home,0
Alex,3,2,strong,online,No,12,5,mid,low,looks,21.17,Likes adventure,1
Riley,0,0,strong,offline,Yes,17,4,mid,low,mentalHealth,3.78,Enjoys quiet time,1
Taylor,10,2,mid,online,Yes,3,0,low,low,mentalHealth,14.03,Prefers staying home,0
Casey,6,2,low,offline,No,20,1,low,mid,mentalHealth,12.85,Enjoys quiet time,0
Jamie,8,1,mid,offline,No,0,0,strong,low,mentalHealth,13.18,Prefers staying home,1
Jordan,4,4,strong,offline,Yes,5,3,mid,mid,mentalHealth,1.74,Loves going out,0
Alex,3,0,strong,online,No,12,0,low,low,mentalHealth,15.61,Prefers staying home,1
Taylor,6,3,low,offline,No,4,0,mid,low,mentalHealth,2.57,Likes adventure,1
Jordan,4,4,low,online,Yes,7,4,low,strong,looks,0.85,Loves going out,0
Jordan,1,1,mid,online,Yes,19,2,mid,strong,mentalHealth,8.95,Loves going out,1
Jamie,2,0,mid,online,Yes,18,4,strong,low,looks,4.4,Prefers staying home,0
Alex,5,5,mid,online,No,6,5,low,mid,looks,23.26,,1
Alex,9,9,low,offline,No,8,5,mid,strong,mentalHealth,12.37,,0
Alex,10,3,low,offline,No,17,1,low,strong,looks,21.25,Loves going out,1
Taylor,10,9,low,offline,No,19,2,mid,strong,looks,6.81,Loves going out,1
Riley,10,2,mid,offline,No,12,1,mid,low,mentalHealth,22.37,Loves going out,1
Jordan,3,1,strong,offline,Yes,15,2,low,strong,looks,23.34,Loves going out,0
Taylor,5,4,mid,online,Yes,5,3,low,low,mentalHealth,1.76,Prefers staying home,1
Riley,3,1,mid,online,Yes,8,3,low,strong,mentalHealth,13.62,Likes adventure,0
Morgan,3,2,low,online,Yes,20,2,strong,low,looks,10.3,Likes adventure,0
Jordan,4,2,mid,online,Yes,2,4,mid,strong,mentalHealth,3.23,Enjoys quiet time,0
Alex,2,0,strong,offline,Yes,10,1,low,mid,looks,12.71,Likes adventure,0
Alex,6,6,low,online,Yes,12,1,mid,strong,mentalHealth,7.75,Enjoys quiet time,0
Alex,7,6,mid,offline,Yes,0,0,low,low,looks,17.52,,0
Riley,3,3,mid,online,Yes,17,0,mid,low,mentalHealth,11.64,Likes adventure,1
Riley,0,0,mid,online,Yes,8,4,mid,low,looks,9.3,Loves going out,1
Jamie,5,0,mid,online,No,11,2,strong,mid,looks,5.91,,0
Avery,6,1,low,online,Yes,5,1,mid,mid,looks,10.97,Prefers staying home,0
Jamie,7,0,strong,online,No,15,2,mid,strong,looks,21.45,,1
Alex,2,0,low,online,No,20,5,strong,strong,mentalHealth,3.23,Prefers staying home,1
Taylor,6,3,strong,online,Yes,8,1,strong,low,looks,15.65,Prefers staying home,1
Riley,1,1,mid,offline,Yes,18,0,low,strong,looks,7.9,,1
Jamie,4,3,mid,online,No,2,4,low,strong,mentalHealth,21.21,Prefers staying home,0
Avery,2,2,strong,online,No,15,2,low,mid,looks,8.76,Enjoys quiet time,0
Morgan,9,9,strong,online,No,0,3,low,mid,looks,4.83,Enjoys quiet time,0
Taylor,8,1,strong,offline,Yes,9,5,strong,low,looks,6.4,Enjoys quiet time,0
Alex,5,4,strong,online,Yes,20,3,low,strong,mentalHealth,7.01,Loves going out,0
Morgan,7,3,mid,offline,Yes,3,0,low,strong,mentalHealth,6.31,Likes adventure,0
Riley,2,1,strong,offline,Yes,10,4,strong,strong,mentalHealth,7.52,,0
Taylor,2,2,low,offline,No,19,2,strong,strong,looks,0.41,Enjoys quiet time,0
Alex,4,4,low,offline,Yes,14,2,strong,low,mentalHealth,9.08,Likes adventure,0
Jordan,1,1,low,offline,Yes,11,3,strong,mid,looks,17.94,,0
Casey,2,2,mid,offline,No,11,2,low,low,mentalHealth,23.79,Loves going out,1
Jordan,9,4,low,offline,No,10,2,low,strong,mentalHealth,11.16,,0
Jordan,4,3,mid,offline,No,13,3,strong,strong,mentalHealth,18.34,Likes adventure,0
Morgan,10,1,low,offline,Yes,18,1,strong,low,mentalHealth,21.44,Loves going out,1
Morgan,2,0,low,offline,No,3,3,strong,low,mentalHealth,20.75,Loves going out,0
Jordan,3,3,mid,online,Yes,5,5,mid,low,looks,12.97,Prefers staying home,0
Riley,5,5,low,offline,No,5,5,mid,low,mentalHealth,2.76,Loves going out,1
Jamie,4,1,strong,offline,Yes,10,5,low,low,mentalHealth,13.34,Prefers staying home,0
Casey,1,1,strong,offline,No,18,5,low,mid,looks,15.65,Loves going out,1
Morgan,2,0,mid,online,No,19,2,mid,strong,looks,1.6,Enjoys quiet time,1
Avery,8,7,low,online,Yes,20,3,low,strong,looks,7.07,Loves going out,1
Jordan,5,5,low,online,Yes,15,2,mid,low,looks,6.84,Enjoys quiet time,1
Casey,8,1,mid,online,No,16,0,low,mid,looks,11.02,Prefers staying home,0
Riley,1,1,mid,online,Yes,8,0,low,strong,mentalHealth,6.65,,1
Avery,10,6,low,offline,No,2,5,mid,low,looks,0.49,Enjoys quiet time,0
Alex,9,8,low,offline,Yes,12,0,mid,mid,looks,16.49,Likes adventure,1
Morgan,8,2,low,offline,Yes,6,0,mid,mid,looks,7.66,Loves going out,1
Jordan,6,4,mid,offline,Yes,3,1,strong,low,looks,13.83,Loves going out,1
Jamie,4,2,mid,online,Yes,15,5,mid,low,looks,15.94,Prefers staying home,1
Riley,8,5,mid,online,No,3,2,low,strong,mentalHealth,23.75,,0
Jamie,8,4,low,offline,No,8,0,mid,strong,looks,21.47,Enjoys quiet time,0
Jordan,5,1,low,online,No,6,0,strong,mid,looks,19.77,,1
Avery,0,0,low,online,Yes,15,1,low,low,looks,20.79,Loves going out,0
Riley,3,0,mid,online,No,14,2,mid,strong,looks,12.43,Enjoys quiet time,0
Riley,7,6,strong,offline,Yes,10,1,low,mid,looks,6.59,Likes adventure,1
Jamie,2,2,low,offline,Yes,8,3,low,strong,mentalHealth,14.59,Enjoys quiet time,0
Avery,6,6,low,online,Yes,5,3,mid,strong,mentalHealth,15.33,Likes adventure,0
Avery,8,7,strong,offline,No,10,0,strong,low,mentalHealth,23.52,Prefers staying home,1
Casey,2,0,low,offline,No,1,0,low,strong,mentalHealth,8.61,Loves going out,1
Morgan,1,0,strong,offline,No,6,4,strong,low,mentalHealth,4.21,Enjoys quiet time,0
Taylor,2,0,mid,offline,No,13,2,strong,strong,mentalHealth,4.61,Prefers staying home,0
Jamie,3,1,mid,online,No,18,1,strong,mid,looks,1.14,Enjoys quiet time,0
Riley,4,1,mid,offline,Yes,7,2,low,low,mentalHealth,4.31,Enjoys quiet time,0
Jamie,1,0,low,online,No,6,0,strong,low,mentalHealth,16.39,Enjoys quiet time,0
Jordan,5,4,strong,offline,No,18,4,strong,low,looks,0.79,Enjoys quiet time,1
Jordan,0,0,mid,online,No,16,2,mid,low,looks,16.22,Loves going out,1
Alex,1,1,low,offline,Yes,10,3,strong,strong,looks,3.48,,0
Taylor,0,0,mid,offline,Yes,13,1,mid,mid,mentalHealth,12.48,Likes adventure,1
Morgan,5,4,low,online,Yes,5,3,strong,low,mentalHealth,22.3,Enjoys quiet time,0
Jamie,8,6,strong,online,No,9,4,strong,low,mentalHealth,17.59,,1
Casey,6,1,mid,online,No,8,2,mid,mid,mentalHealth,22.0,Enjoys quiet time,1
Jordan,5,0,strong,online,No,20,3,strong,strong,mentalHealth,23.16,Likes adventure,1
Jordan,1,0,low,offline,Yes,7,5,strong,mid,mentalHealth,14.15,,0
Alex,5,5,low,offline,Yes,20,5,low,mid,mentalHealth,20.78,Loves going out,1
Morgan,2,0,mid,offline,No,16,1,strong,mid,mentalHealth,15.96,Enjoys quiet time,1
Avery,6,2,low,offline,No,3,4,mid,low,looks,7.9,Prefers staying home,1
Riley,0,0,mid,offline,No,12,1,strong,low,mentalHealth,19.73,Loves going out,0
Morgan,5,1,strong,online,No,0,5,low,strong,mentalHealth,4.48,Loves going out,0
Jordan,6,2,mid,online,Yes,17,1,strong,strong,looks,4.26,Loves going out,0
Casey,7,7,low,offline,No,8,2,low,strong,looks,17.5,Prefers staying home,1
Taylor,10,1,strong,online,Yes,4,0,mid,mid,mentalHealth,16.73,Enjoys quiet time,0
Casey,9,4,mid,offline,Yes,1,4,low,mid,mentalHealth,23.09,,1
Alex,5,1,low,offline,No,20,1,low,low,mentalHealth,0.55,,1
Alex,2,2,low,online,No,7,0,low,strong,mentalHealth,20.23,Enjoys quiet time,1
Avery,8,5,mid,offline,Yes,19,1,mid,strong,mentalHealth,9.42,Likes adventure,1
Taylor,0,0,mid,offline,Yes,4,0,strong,low,looks,19.42,Enjoys quiet time,0
Alex,4,4,low,offline,Yes,8,3,strong,strong,looks,1.02,Loves going out,1
Morgan,2,0,low,offline,No,14,0,strong,strong,looks,16.81,Prefers staying home,1
Riley,2,1,strong,online,No,9,5,low,low,mentalHealth,6.52,Enjoys quiet time,0
Casey,8,0,strong,offline,No,9,2,low,mid,looks,16.17,Enjoys quiet time,1
Jordan,8,5,mid,offline,No,1,0,strong,mid,mentalHealth,19.04,Loves going out,0
Jordan,1,0,strong,offline,Yes,19,4,low,low,mentalHealth,3.18,Loves going out,0
Jamie,9,3,mid,offline,No,14,5,low,low,mentalHealth,17.08,Enjoys quiet time,1
Jordan,6,1,low,online,No,4,2,mid,low,looks,0.95,Enjoys quiet time,0
Casey,0,0,low,offline,Yes,2,0,low,strong,mentalHealth,4.1,Loves going out,0
Avery,2,1,strong,offline,Yes,18,3,low,strong,looks,20.81,,0
Jamie,4,0,strong,online,Yes,2,0,mid,mid,looks,7.36,Likes adventure,1
Jordan,6,0,strong,online,No,9,3,low,low,mentalHealth,18.55,,1
Jamie,10,6,low,offline,No,16,3,low,low,looks,17.86,Enjoys quiet time,0
Alex,6,0,strong,online,Yes,8,2,strong,low,looks,0.28,,0
Morgan,4,3,mid,offline,Yes,13,0,mid,mid,mentalHealth,11.71,Prefers staying home,0
Avery,5,5,mid,offline,Yes,8,5,low,mid,looks,18.91,Enjoys quiet time,1
Avery,7,7,strong,offline,No,14,1,mid,low,looks,12.08,,0
Jordan,9,9,low,offline,No,20,4,low,strong,looks,8.05,Likes adventure,1
Jamie,9,1,strong,online,Yes,9,3,low,mid,looks,7.79,Loves going out,1
Casey,5,1,mid,online,Yes,20,4,mid,mid,mentalHealth,7.31,Prefers staying home,0
Alex,1,0,low,offline,Yes,18,1,strong,strong,looks,7.33,Likes adventure,0
Taylor,3,3,mid,online,No,0,2,mid,mid,looks,2.23,,0
Casey,9,3,strong,offline,No,14,3,mid,strong,mentalHealth,18.61,Prefers staying home,0
Jordan,7,3,mid,online,Yes,11,3,strong,mid,looks,3.32,Prefers staying home,0
Riley,2,2,low,offline,Yes,20,1,low,low,looks,12.79,,1
Alex,2,2,mid,online,Yes,9,3,mid,low,looks,9.79,Prefers staying home,0
Casey,10,9,strong,online,No,19,0,mid,strong,looks,3.29,Enjoys quiet time,1
Avery,2,1,strong,online,No,14,4,low,low,mentalHealth,22.84,Likes adventure,0
Taylor,9,7,mid,online,Yes,16,5,mid,mid,looks,5.24,Loves going out,1
Taylor,8,2,strong,offline,Yes,7,1,strong,strong,looks,10.49,Enjoys quiet time,1
Riley,10,0,strong,online,No,16,4,low,mid,mentalHealth,18.37,Prefers staying home,0
Jordan,4,2,mid,online,Yes,14,3,strong,low,looks,4.99,Prefers staying home,0
Taylor,3,3,mid,offline,No,10,3,mid,strong,looks,18.11,Loves going out,1
Riley,9,1,strong,online,Yes,6,5,mid,low,looks,8.85,Enjoys quiet time,0
Riley,6,6,mid,offline,No,9,0,mid,strong,mentalHealth,15.3,,1
Taylor,9,7,mid,online,Yes,11,4,low,strong,looks,9.4,Prefers staying home,0
Morgan,7,3,strong,offline,No,13,5,mid,mid,mentalHealth,9.14,,0
Alex,8,0,low,online,No,10,2,strong,strong,mentalHealth,23.48,,0
Jordan,4,1,low,online,Yes,5,2,mid,mid,looks,5.74,Prefers staying home,1
Jordan,3,1,low,online,Yes,19,0,strong,mid,looks,7.17,,1
Taylor,0,0,mid,online,Yes,6,0,mid,mid,looks,16.7,Likes adventure,0
Morgan,6,6,low,offline,Yes,0,2,low,strong,looks,5.46,Prefers staying home,1
Riley,6,1,mid,offline,No,1,5,low,strong,mentalHealth,13.97,Loves going out,0
Riley,2,2,low,offline,Yes,20,0,strong,mid,looks,11.33,Prefers staying home,1
Jordan,5,3,mid,online,No,19,2,strong,strong,looks,19.71,Likes adventure,1
Morgan,8,3,strong,online,Yes,8,1,mid,low,mentalHealth,1.1,Loves going out,0
Jamie,5,3,strong,online,No,5,1,low,low,looks,3.97,Prefers staying home,0
Avery,9,5,mid,offline,Yes,11,1,strong,strong,looks,12.92,Likes adventure,0
Morgan,4,4,low,offline,No,20,4,mid,strong,looks,17.28,Prefers staying home,1
Morgan,5,4,low,online,No,19,1,mid,strong,looks,4.47,Likes adventure,0
Riley,9,2,mid,offline,No,8,1,strong,mid,looks,16.45,Likes adventure,0
Riley,3,2,mid,offline,Yes,5,4,low,strong,mentalHealth,6.09,,0
Avery,0,0,low,offline,Yes,5,4,strong,strong,looks,16.49,Likes adventure,0
Morgan,8,8,low,offline,Yes,16,1,low,low,looks,13.09,Enjoys quiet time,0
Casey,4,3,strong,online,No,5,5,mid,mid,mentalHealth,23.81,,1
Jordan,0,0,low,offline,No,11,2,mid,low,looks,22.65,Likes adventure,0
Avery,8,6,mid,offline,Yes,14,3,strong,low,mentalHealth,17.26,Loves going out,0
Riley,9,0,mid,offline,No,4,5,strong,strong,looks,2.87,Loves going out,1
Alex,4,3,mid,offline,No,6,1,strong,strong,mentalHealth,18.16,Likes adventure,1
Morgan,6,0,low,online,Yes,18,2,mid,strong,mentalHealth,18.17,Likes adventure,1
Riley,1,1,mid,online,Yes,9,1,strong,low,looks,15.66,Likes adventure,0
Casey,8,4,low,offline,No,8,3,low,low,looks,2.95,Prefers staying home,1
Riley,5,0,strong,offline,Yes,12,1,mid,strong,looks,1.64,Likes adventure,0
Morgan,1,1,mid,offline,No,12,4,low,mid,looks,18.79,Enjoys quiet time,0
Alex,0,0,low,offline,Yes,14,3,mid,low,mentalHealth,6.35,Loves going out,0
Jordan,1,0,strong,offline,Yes,20,0,strong,strong,looks,11.48,Enjoys quiet time,0
Avery,0,0,low,online,No,11,4,strong,low,mentalHealth,8.76,Loves going out,1
Avery,9,5,low,online,Yes,0,2,strong,low,looks,18.83,Enjoys quiet time,0
Riley,1,0,low,offline,Yes,19,5,strong,mid,looks,13.31,Loves going out,1
Taylor,6,6,strong,offline,No,16,1,mid,mid,mentalHealth,12.4,Prefers staying home,0
Alex,6,2,strong,offline,No,14,5,mid,mid,mentalHealth,7.38,Prefers staying home,1
Casey,6,4,strong,online,Yes,15,3,strong,strong,mentalHealth,16.61,Likes adventure,1
Morgan,9,9,strong,online,Yes,6,3,strong,strong,mentalHealth,12.96,Prefers staying home,1
Alex,7,1,mid,offline,No,5,0,low,low,mentalHealth,15.27,Enjoys quiet time,1
Avery,8,4,strong,online,Yes,2,0,strong,low,looks,1.18,Likes adventure,0
Riley,0,0,strong,online,No,12,2,low,strong,mentalHealth,1.01,Prefers staying home,0
Morgan,9,2,strong,offline,No,11,0,low,low,mentalHealth,19.49,Enjoys quiet time,0
Jamie,9,1,low,offline,No,1,3,strong,mid,mentalHealth,13.05,Enjoys quiet time,0
Jamie,8,5,low,offline,No,17,1,low,low,looks,19.11,,1
Alex,10,3,strong,online,No,10,4,low,strong,looks,13.65,Likes adventure,0
Alex,6,4,strong,online,Yes,14,1,low,mid,looks,16.07,,0
Jamie,0,0,strong,offline,Yes,18,0,mid,strong,looks,22.69,Enjoys quiet time,1
Jordan,8,4,mid,online,No,15,2,strong,low,looks,5.81,Likes adventure,1
Taylor,4,2,mid,offline,Yes,0,5,strong,low,looks,19.37,Loves going out,0
Alex,7,7,strong,offline,Yes,19,3,low,mid,mentalHealth,5.4,Prefers staying home,0
Taylor,2,2,mid,online,No,8,2,mid,low,looks,14.97,,0
Casey,3,2,mid,offline,Yes,20,5,low,low,mentalHealth,15.18,,0
Taylor,8,8,strong,offline,Yes,16,4,low,mid,looks,12.29,Prefers staying home,1
Morgan,2,0,mid,offline,No,4,3,strong,strong,looks,21.83,Loves going out,1
Alex,5,0,low,offline,Yes,8,0,mid,low,looks,2.65,Likes adventure,0
Avery,6,2,strong,online,No,7,0,low,mid,mentalHealth,23.96,Enjoys quiet time,0
Taylor,3,1,low,online,No,3,1,mid,strong,looks,21.29,Loves going out,0
Jordan,4,0,low,offline,Yes,2,1,low,strong,looks,0.36,Prefers staying home,0
Casey,3,0,mid,offline,No,6,1,low,strong,mentalHealth,21.02,Loves going out,1
Jamie,8,3,mid,online,No,4,1,strong,mid,mentalHealth,8.06,Likes adventure,0
Casey,5,2,mid,online,Yes,6,3,strong,mid,mentalHealth,9.79,Likes adventure,1
Jamie,9,3,mid,online,Yes,7,0,low,strong,mentalHealth,6.2,Enjoys quiet time,1
Jordan,2,2,strong,online,No,4,3,low,low,mentalHealth,15.81,Enjoys quiet time,1
Morgan,4,0,strong,online,No,10,4,strong,mid,mentalHealth,12.73,Prefers staying home,1
Jamie,9,5,low,online,Yes,12,4,low,low,looks,5.92,Likes adventure,1
Morgan,9,9,low,offline,Yes,7,1,strong,low,looks,6.67,Likes adventure,1
Casey,9,8,low,online,No,13,4,strong,strong,mentalHealth,7.9,Enjoys quiet time,0
Riley,7,5,strong,offline,No,20,2,low,strong,mentalHealth,20.09,,0
Casey,8,2,mid,offline,Yes,19,3,low,strong,mentalHealth,16.09,,1
Casey,5,1,low,online,Yes,15,0,mid,low,mentalHealth,21.94,Loves going out,1
Alex,5,0,low,online,No,11,5,mid,mid,mentalHealth,18.38,Enjoys quiet time,1
Morgan,2,0,low,offline,Yes,1,2,mid,strong,mentalHealth,0.21,Enjoys quiet time,1
Alex,4,1,strong,online,Yes,17,4,strong,mid,looks,12.22,Prefers staying home,0
Casey,9,8,low,online,No,4,3,strong,mid,mentalHealth,0.93,Enjoys quiet time,1
Taylor,2,0,low,offline,No,12,1,mid,strong,looks,18.53,,1
Jordan,10,0,mid,offline,Yes,14,1,strong,low,looks,15.88,Likes adventure,0
Morgan,3,2,strong,online,No,0,2,mid,low,mentalHealth,0.44,Prefers staying home,0
Casey,6,2,strong,offline,Yes,5,3,low,strong,looks,1.48,Enjoys quiet time,0
Alex,9,6,strong,offline,Yes,15,3,strong,mid,mentalHealth,19.03,Loves going out,0
Morgan,7,0,low,online,No,15,5,low,strong,mentalHealth,7.76,,1
Avery,4,3,low,online,Yes,15,0,low,strong,mentalHealth,17.93,Likes adventure,1
Jamie,2,2,low,online,No,13,1,low,strong,mentalHealth,7.84,Loves going out,0
Avery,5,1,mid,offline,Yes,14,4,mid,strong,looks,3.06,Likes adventure,0
Alex,7,5,low,offline,No,15,0,strong,strong,mentalHealth,3.13,Prefers staying home,0
Riley,1,1,strong,online,Yes,6,5,low,strong,mentalHealth,14.62,Prefers staying home,0
Jamie,2,2,strong,online,No,19,5,low,mid,mentalHealth,15.06,Loves going out,1
Casey,4,4,mid,offline,Yes,9,4,strong,mid,looks,20.14,Enjoys quiet time,1
Riley,9,4,low,online,No,4,1,low,mid,looks,5.16,Prefers staying home,0
Casey,0,0,low,online,Yes,9,5,mid,low,looks,15.28,Enjoys quiet time,0
Avery,9,7,mid,online,No,6,5,mid,low,mentalHealth,4.3,Loves going out,0
Casey,3,3,strong,online,Yes,10,3,strong,strong,mentalHealth,17.67,Prefers staying home,1
Avery,2,2,strong,offline,Yes,1,5,mid,mid,mentalHealth,15.56,Loves going out,0
Casey,1,1,low,offline,Yes,6,3,mid,mid,mentalHealth,22.69,Loves going out,0
Casey,6,5,low,offline,No,0,1,strong,strong,mentalHealth,18.44,,1
Avery,1,0,mid,offline,No,11,1,low,low,looks,13.74,Loves going out,1
Alex,9,5,low,offline,No,1,3,low,strong,looks,0.81,Prefers staying home,0
Jamie,5,2,mid,online,No,20,2,mid,low,mentalHealth,19.72,Likes adventure,1
Casey,2,0,strong,offline,No,10,3,mid,low,looks,17.07,Likes adventure,1
Taylor,2,0,mid,online,Yes,11,5,mid,mid,looks,22.21,Prefers staying home,0
Alex,1,1,low,online,Yes,10,4,mid,mid,mentalHealth,4.68,Prefers staying home,1
Riley,2,2,strong,online,Yes,8,2,low,low,mentalHealth,23.09,Enjoys quiet time,1
Morgan,0,0,mid,offline,No,18,2,mid,low,looks,1.02,Loves going out,1
Alex,4,3,mid,offline,Yes,10,0,strong,mid,mentalHealth,1.5,Loves going out,1
Casey,2,2,low,offline,Yes,17,0,low,strong,mentalHealth,14.24,Loves going out,0
Riley,0,0,strong,online,No,8,5,mid,low,mentalHealth,7.96,Loves going out,0
Casey,9,4,mid,offline,No,1,5,low,strong,mentalHealth,8.85,Enjoys quiet time,0
Jordan,5,1,low,offline,No,7,4,strong,strong,mentalHealth,21.35,Loves going out,0
Alex,7,5,low,online,No,7,0,low,mid,mentalHealth,17.95,,0
Jamie,3,1,mid,online,Yes,7,1,strong,low,looks,11.97,,1
Casey,7,6,strong,offline,No,18,4,low,strong,mentalHealth,7.44,Prefers staying home,0
Avery,5,5,low,offline,Yes,14,1,low,strong,looks,0.64,Loves going out,1
Taylor,5,2,strong,offline,Yes,20,1,mid,strong,mentalHealth,7.87,Prefers staying home,0
Morgan,0,0,mid,offline,No,16,0,strong,strong,looks,0.33,,1
Jordan,3,1,mid,offline,No,17,3,low,strong,mentalHealth,7.1,,1
Avery,5,2,low,online,Yes,10,5,mid,low,mentalHealth,1.31,Enjoys quiet time,1
Jamie,4,3,mid,online,No,13,0,mid,low,mentalHealth,11.16,Enjoys quiet time,1
Casey,4,2,low,offline,Yes,17,5,strong,low,looks,7.54,Enjoys quiet time,0
Jamie,4,4,strong,offline,No,1,2,strong,low,looks,1.01,Loves going out,0
Alex,9,9,low,offline,No,10,5,mid,strong,mentalHealth,22.29,,0
Avery,1,0,low,offline,No,13,1,mid,strong,mentalHealth,15.08,Loves going out,0
Casey,1,0,low,offline,Yes,6,2,strong,strong,looks,7.17,Enjoys quiet time,0
Jamie,0,0,strong,online,Yes,8,4,mid,low,mentalHealth,14.91,Likes adventure,0
Alex,5,3,mid,offline,Yes,15,3,mid,strong,looks,2.04,,0
Riley,5,5,low,online,No,11,1,mid,mid,mentalHealth,10.95,Enjoys quiet time,0
Alex,3,2,strong,offline,No,4,5,strong,mid,mentalHealth,8.3,Likes adventure,1
Jamie,10,6,strong,offline,No,8,3,low,low,looks,22.89,Enjoys quiet time,1
Jamie,9,7,low,online,No,16,0,low,strong,mentalHealth,20.25,,0
Riley,9,5,strong,online,No,5,5,mid,low,mentalHealth,16.63,Enjoys quiet time,1
Riley,4,2,mid,online,Yes,9,1,mid,low,mentalHealth,3.06,,1
Jamie,3,0,mid,online,No,7,2,mid,low,mentalHealth,11.52,,1
Taylor,6,6,low,offline,No,3,5,low,mid,mentalHealth,8.87,Enjoys quiet time,1
Jordan,9,3,low,online,Yes,3,1,low,strong,looks,20.66,Loves going out,1
Taylor,4,3,low,offline,Yes,17,2,strong,low,looks,1.28,Prefers staying home,0
Jamie,10,3,strong,offline,No,1,1,low,mid,looks,2.31,Likes adventure,0
Avery,5,4,strong,online,Yes,11,2,low,mid,mentalHealth,4.37,Prefers staying home,1
Riley,8,8,mid,offline,No,20,3,mid,strong,looks,3.55,,1
Casey,1,1,low,offline,No,16,5,strong,strong,looks,19.5,Loves going out,1
Alex,4,1,low,offline,Yes,15,0,low,strong,mentalHealth,16.85,Enjoys quiet time,1
Riley,3,1,mid,offline,No,20,0,strong,strong,mentalHealth,12.05,Prefers staying home,1
Alex,9,4,mid,offline,Yes,20,5,mid,low,mentalHealth,2.53,Prefers staying home,0
Avery,4,2,low,online,No,2,5,mid,strong,looks,12.35,Prefers staying home,0
Jordan,1,1,low,online,No,4,1,strong,strong,looks,23.92,,1
Jamie,4,4,low,offline,No,17,5,mid,low,mentalHealth,8.68,Loves going out,1
Casey,5,4,low,offline,Yes,8,4,mid,mid,mentalHealth,14.29,Enjoys quiet time,0
Casey,2,1,strong,offline,Yes,15,4,mid,mid,looks,6.04,,0
Taylor,9,3,strong,online,Yes,0,5,mid,low,looks,20.59,Enjoys quiet time,1
Taylor,3,1,low,online,No,18,0,mid,strong,looks,0.84,Enjoys quiet time,0
Avery,7,6,mid,online,Yes,3,1,low,strong,mentalHealth,2.52,Loves going out,1
Jamie,1,1,mid,offline,Yes,3,5,low,low,looks,4.87,Likes adventure,1
Casey,4,0,low,offline,Yes,18,0,mid,low,looks,21.81,Loves going out,0
Alex,0,0,low,offline,No,4,1,low,low,looks,19.3,Loves going out,0
Morgan,7,5,strong,offline,Yes,7,4,mid,mid,looks,3.12,Prefers staying home,1
Riley,7,7,mid,online,No,11,3,mid,low,mentalHealth,5.72,Prefers staying home,0
Alex,1,0,low,offline,No,9,5,strong,strong,mentalHealth,17.58,Enjoys quiet time,0
Morgan,7,4,mid,online,Yes,0,0,low,strong,looks,16.83,Enjoys quiet time,1
Taylor,0,0,mid,offline,Yes,16,4,low,low,mentalHealth,17.73,Prefers staying home,1
Jordan,7,5,low,online,No,5,5,mid,strong,looks,22.02,Prefers staying home,0
Avery,4,2,strong,online,Yes,20,4,low,mid,mentalHealth,22.0,Prefers staying home,1
Morgan,5,3,mid,online,No,0,4,low,low,looks,13.16,Loves going out,0
Morgan,3,1,strong,offline,Yes,11,5,low,mid,looks,7.3,Loves going out,1
Avery,0,0,mid,offline,Yes,1,0,mid,mid,mentalHealth,1.99,Likes adventure,1
Alex,10,9,strong,offline,Yes,14,5,strong,low,mentalHealth,16.57,Likes adventure,0
Taylor,7,7,low,offline,No,2,4,mid,mid,looks,21.69,Prefers staying home,0
Riley,2,2,mid,offline,No,0,5,mid,strong,looks,13.62,Likes adventure,1
Alex,6,6,strong,online,No,17,4,low,mid,mentalHealth,13.52,Loves going out,0
Taylor,3,0,mid,online,No,7,3,mid,low,mentalHealth,17.0,Loves going out,1
Morgan,7,4,mid,offline,No,12,1,mid,mid,looks,9.48,Loves going out,1
Riley,5,2,strong,offline,Yes,1,2,mid,strong,mentalHealth,5.39,Enjoys quiet time,1
Morgan,3,2,low,online,Yes,9,0,low,low,mentalHealth,22.92,,0
Morgan,0,0,low,online,No,13,5,strong,strong,looks,23.12,Prefers staying home,1
Taylor,9,7,mid,online,No,11,1,strong,strong,mentalHealth,7.66,Likes adventure,1
Casey,9,5,strong,offline,No,20,5,strong,low,mentalHealth,1.73,,1
Avery,7,4,low,online,Yes,19,5,low,mid,mentalHealth,2.71,Prefers staying home,0
Riley,5,0,mid,online,No,0,0,low,low,mentalHealth,3.87,Enjoys quiet time,0
Jamie,8,1,strong,offline,Yes,13,3,mid,strong,looks,3.99,,0
Taylor,3,1,low,online,Yes,1,1,low,low,looks,18.6,,1
Alex,1,0,low,online,Yes,18,5,strong,low,mentalHealth,18.87,Likes adventure,1
Jordan,8,6,strong,offline,No,1,4,mid,strong,mentalHealth,16.52,Prefers staying home,1
Avery,2,1,strong,offline,No,16,5,mid,low,looks,16.7,,1
Morgan,2,2,mid,online,No,13,3,strong,low,looks,11.17,Likes adventure,1
Avery,2,2,low,online,Yes,3,4,strong,strong,mentalHealth,16.21,Prefers staying home,1
Casey,0,0,low,online,No,14,0,strong,strong,mentalHealth,6.18,Prefers staying home,0
Jamie,8,6,mid,offline,No,3,5,low,low,mentalHealth,11.31,Enjoys quiet time,1
Taylor,7,5,strong,offline,Yes,18,4,mid,mid,mentalHealth,10.74,,1
Avery,10,9,strong,online,No,4,2,strong,mid,looks,7.47,Enjoys quiet time,0
Avery,1,0,mid,online,Yes,20,0,strong,strong,looks,5.17,,1
Jamie,5,0,strong,offline,Yes,6,4,mid,strong,looks,14.11,Loves going out,0
Avery,8,0,mid,offline,No,18,4,low,low,looks,14.2,Prefers staying home,0
Jamie,9,7,low,online,No,20,3,mid,strong,mentalHealth,5.23,Enjoys quiet time,1
Casey,6,6,mid,offline,Yes,17,5,low,mid,mentalHealth,19.01,Likes adventure,1
Riley,3,0,low,offline,Yes,11,0,mid,low,looks,14.97,Loves going out,1
Alex,2,2,low,offline,Yes,19,1,strong,mid,mentalHealth,4.76,Loves going out,0
Alex,7,1,mid,offline,No,9,2,mid,strong,looks,22.89,Loves going out,0
Morgan,4,1,strong,offline,Yes,10,0,strong,strong,mentalHealth,10.51,Enjoys quiet time,0
Morgan,5,3,low,online,No,14,3,mid,strong,mentalHealth,19.56,Enjoys quiet time,1
Alex,7,6,low,offline,Yes,20,3,low,strong,mentalHealth,13.12,Enjoys quiet time,1
Casey,7,6,low,online,Yes,10,0,low,mid,mentalHealth,3.42,Loves going out,0
Riley,0,0,low,offline,Yes,14,0,strong,low,looks,10.77,,0
Alex,4,1,strong,offline,No,0,0,low,strong,looks,11.65,Prefers staying home,0
Taylor,1,0,mid,offline,No,5,5,low,strong,mentalHealth,6.29,Enjoys quiet time,0
Avery,7,2,strong,online,No,20,3,low,strong,looks,18.13,,1
Avery,7,2,mid,online,No,17,3,strong,strong,mentalHealth,9.84,Enjoys quiet time,0
Jordan,3,0,strong,offline,No,1,4,low,mid,mentalHealth,12.78,Prefers staying home,0
Avery,8,7,mid,online,No,1,5,low,low,looks,15.46,Prefers staying home,0
Avery,8,2,mid,online,Yes,14,4,low,strong,looks,15.76,Prefers staying home,1
Jordan,3,2,low,offline,Yes,19,4,low,strong,mentalHealth,20.66,,0
Morgan,3,0,strong,online,No,6,4,low,mid,looks,0.71,Loves going out,0
Casey,0,0,strong,offline,Yes,19,5,mid,mid,looks,5.87,Prefers staying home,0
Riley,6,1,low,offline,Yes,5,5,mid,low,looks,19.2,Loves going out,1
Avery,3,1,strong,online,Yes,20,4,low,mid,looks,0.7,Enjoys quiet time,0
Casey,2,2,strong,online,No,9,1,mid,strong,looks,0.26,Likes adventure,0
Casey,6,6,strong,online,No,19,5,low,strong,mentalHealth,3.48,Loves going out,0
Jordan,1,1,low,online,Yes,20,3,low,mid,mentalHealth,5.17,Enjoys quiet time,1
Morgan,0,0,strong,online,Yes,0,4,low,low,looks,1.65,Prefers staying home,0
Jordan,8,2,mid,online,Yes,9,4,low,mid,mentalHealth,11.83,Likes adventure,0
Morgan,3,1,low,online,No,1,0,mid,low,looks,23.64,Prefers staying home,1
Jordan,0,0,strong,offline,Yes,9,3,low,strong,looks,0.08,Likes adventure,0
Morgan,2,1,low,offline,Yes,13,4,low,mid,looks,19.97,Loves going out,1
Jamie,7,2,low,online,Yes,10,4,low,mid,mentalHealth,10.69,Prefers staying home,0
Jamie,8,1,low,online,No,11,4,mid,mid,mentalHealth,9.76,Loves going out,1
Jamie,0,0,low,offline,Yes,19,3,mid,strong,looks,18.71,Likes adventure,0
Casey,4,4,mid,offline,No,20,5,low,low,looks,2.85,Enjoys quiet time,0
Taylor,5,3,mid,online,Yes,5,4,strong,strong,looks,5.27,Likes adventure,0
Morgan,0,0,low,offline,No,9,5,strong,strong,looks,10.3,,1
Riley,8,5,low,online,No,2,2,strong,strong,looks,22.24,,0
Jamie,7,3,mid,offline,Yes,0,0,mid,strong,mentalHealth,19.4,Likes adventure,0
Casey,4,1,mid,online,Yes,12,0,low,strong,looks,19.43,Loves going out,0
Casey,10,9,strong,online,Yes,6,3,mid,strong,mentalHealth,12.64,Enjoys quiet time,0
Alex,9,6,mid,offline,Yes,17,0,mid,strong,looks,1.0,Prefers staying home,0
Riley,9,7,mid,offline,Yes,2,0,mid,strong,mentalHealth,6.06,Prefers staying home,1
Morgan,3,2,low,offline,Yes,11,2,low,low,looks,15.11,Loves going out,1
Jamie,8,1,low,offline,No,8,0,low,strong,looks,6.99,,0
Morgan,3,0,strong,offline,No,18,4,strong,low,mentalHealth,1.57,Prefers staying home,0
Casey,0,0,mid,online,Yes,8,4,low,mid,looks,6.47,,0
Riley,2,1,mid,offline,No,19,1,mid,strong,looks,13.29,,0
Taylor,4,4,strong,online,Yes,5,2,mid,strong,looks,2.14,Prefers staying home,1
Riley,9,6,low,online,No,20,1,strong,strong,looks,8.22,,0
Morgan,6,5,strong,online,Yes,16,3,mid,low,mentalHealth,21.95,Prefers staying home,1
Morgan,5,0,strong,online,Yes,14,4,low,strong,looks,2.85,Loves going out,1
Casey,0,0,low,offline,Yes,13,3,mid,strong,mentalHealth,5.52,Prefers staying home,0
Jordan,9,4,strong,online,Yes,5,5,mid,low,looks,0.87,Enjoys quiet time,1
Jamie,10,9,strong,offline,Yes,19,3,low,low,looks,12.02,Prefers staying home,0
Taylor,4,3,mid,online,Yes,5,0,strong,low,mentalHealth,19.8,,1
Taylor,6,4,low,offline,No,6,2,mid,mid,looks,11.73,,1
Casey,5,5,strong,offline,Yes,11,0,low,strong,mentalHealth,5.35,,1
Taylor,0,0,low,offline,Yes,12,5,strong,low,looks,2.94,Loves going out,0
Avery,3,2,strong,online,No,4,3,mid,strong,looks,10.02,,1
Avery,8,4,low,offline,No,5,3,mid,strong,looks,4.84,,0
Jamie,5,2,mid,online,Yes,15,5,mid,strong,mentalHealth,18.93,Loves going out,0
Casey,5,1,strong,online,Yes,11,0,strong,low,looks,2.73,Enjoys quiet time,0
Jamie,2,2,strong,offline,Yes,6,3,mid,mid,mentalHealth,5.24,Likes adventure,1
Riley,0,0,mid,offline,No,4,4,low,low,mentalHealth,1.48,Enjoys quiet time,0
Jamie,9,6,low,offline,No,19,5,mid,mid,looks,11.14,Likes adventure,0
Alex,3,1,low,offline,No,4,4,mid,mid,mentalHealth,19.89,Likes adventure,0
Casey,1,1,low,online,Yes,11,3,strong,low,mentalHealth,10.33,Loves going out,1
Jordan,10,0,low,offline,Yes,10,2,strong,low,mentalHealth,10.37,Likes adventure,0
Avery,9,3,mid,online,Yes,10,4,strong,strong,mentalHealth,5.53,Prefers staying home,0
Avery,6,5,mid,online,No,8,5,strong,strong,mentalHealth,11.9,Likes adventure,1
Jordan,9,2,strong,online,No,2,2,strong,strong,looks,20.5,Likes adventure,0
Casey,0,0,strong,offline,No,20,1,low,mid,mentalHealth,9.02,Enjoys quiet time,0
Avery,0,0,mid,offline,Yes,4,1,mid,low,mentalHealth,12.22,Likes adventure,1
Jordan,1,0,strong,offline,Yes,7,2,mid,mid,looks,12.44,Likes adventure,0
Jordan,2,2,mid,online,Yes,0,5,low,mid,looks,9.93,Enjoys quiet time,0
Casey,9,2,mid,online,Yes,6,3,mid,strong,looks,17.67,,0
Jordan,6,1,mid,offline,Yes,8,3,mid,low,mentalHealth,16.68,Likes adventure,0
Jordan,0,0,low,online,No,5,2,low,mid,mentalHealth,13.39,Prefers staying home,1
Jordan,1,0,strong,offline,Yes,4,0,low,strong,looks,20.6,Prefers staying home,1
Taylor,9,0,strong,online,Yes,13,1,strong,mid,mentalHealth,23.67,Enjoys quiet time,0
Avery,5,2,mid,online,No,4,5,mid,strong,looks,23.05,,0
Jordan,7,0,strong,offline,Yes,17,5,mid,low,mentalHealth,0.47,Prefers staying home,1
Riley,3,3,mid,online,No,16,5,strong,strong,looks,6.65,Prefers staying home,0
Jordan,5,4,mid,online,No,16,0,low,low,looks,19.44,,0
Jordan,6,4,low,online,Yes,7,0,strong,low,mentalHealth,16.35,Loves going out,0
Alex,6,3,strong,online,Yes,12,5,strong,low,looks,21.89,Loves going out,1
Jordan,5,0,mid,offline,Yes,15,1,mid,mid,mentalHealth,7.73,Prefers staying home,1
Avery,5,4,low,offline,Yes,12,3,strong,strong,mentalHealth,7.47,Enjoys quiet time,0
Jamie,2,1,strong,offline,Yes,6,2,mid,mid,mentalHealth,4.61,Likes adventure,0
Casey,0,0,mid,offline,Yes,4,0,mid,strong,mentalHealth,11.46,Likes adventure,1
Casey,8,5,strong,online,No,17,1,mid,low,mentalHealth,14.28,Prefers staying home,0
Morgan,9,4,mid,online,Yes,12,5,mid,strong,looks,11.46,,0
Avery,1,0,low,online,Yes,2,0,mid,strong,mentalHealth,8.66,Prefers staying home,0
Taylor,10,5,mid,online,Yes,13,1,strong,low,mentalHealth,1.45,Likes adventure,1
Morgan,10,2,low,offline,No,8,0,low,low,mentalHealth,1.92,Prefers staying home,1
Morgan,8,8,mid,online,Yes,7,4,mid,mid,mentalHealth,14.42,Likes adventure,1
Alex,10,7,strong,offline,Yes,2,4,strong,strong,mentalHealth,5.52,Enjoys quiet time,0
Riley,2,2,low,online,No,20,5,low,strong,mentalHealth,1.66,Enjoys quiet time,1
Riley,10,7,low,online,Yes,4,0,strong,strong,mentalHealth,9.74,Enjoys quiet time,0
Avery,4,3,mid,online,Yes,14,2,mid,mid,looks,9.82,Likes adventure,0
Alex,9,1,low,offline,No,19,4,strong,strong,mentalHealth,14.68,Prefers staying home,0
Casey,0,0,strong,online,Yes,0,3,mid,mid,looks,17.1,Prefers staying home,0
Morgan,10,1,strong,online,No,13,4,mid,strong,looks,1.43,Likes adventure,1
Jordan,4,1,low,offline,Yes,11,5,low,mid,mentalHealth,1.16,Loves going out,1
Avery,5,2,low,online,Yes,0,1,strong,mid,looks,8.41,Enjoys quiet time,1
Avery,0,0,strong,online,No,20,5,low,low,mentalHealth,16.37,Likes adventure,0
Morgan,0,0,low,offline,Yes,17,3,strong,mid,mentalHealth,0.64,,1
Taylor,8,8,mid,offline,Yes,5,4,low,low,mentalHealth,8.22,Enjoys quiet time,0
Jordan,7,5,low,offline,Yes,20,3,low,mid,mentalHealth,21.74,Enjoys quiet time,0
Riley,2,0,low,online,Yes,13,0,strong,strong,looks,13.72,Enjoys quiet time,0
Alex,5,5,low,online,No,2,0,low,low,looks,0.63,,1
Jamie,4,0,strong,offline,No,14,1,low,mid,mentalHealth,16.69,,0
Alex,3,0,low,online,Yes,16,0,strong,mid,mentalHealth,5.11,Enjoys quiet time,0
Jordan,1,1,low,online,No,2,1,mid,mid,mentalHealth,1.88,Enjoys quiet time,0
Alex,0,0,strong,online,Yes,10,0,low,low,looks,8.27,Enjoys quiet time,1
Alex,6,5,mid,online,No,15,5,strong,low,mentalHealth,0.62,Prefers staying home,0
Taylor,9,7,low,online,No,5,5,mid,low,mentalHealth,1.44,Prefers staying home,1
Avery,1,1,low,online,Yes,14,5,low,strong,looks,19.62,Likes adventure,1
Jamie,0,0,mid,online,Yes,0,4,low,low,looks,4.96,Enjoys quiet time,1
Morgan,1,0,low,offline,Yes,14,4,mid,low,mentalHealth,2.51,Prefers staying home,0
Jordan,4,1,strong,offline,Yes,15,1,low,mid,looks,0.4,Prefers staying home,1
Casey,6,6,strong,online,Yes,19,5,low,strong,mentalHealth,2.74,Enjoys quiet time,1
Taylor,9,1,mid,offline,Yes,9,3,mid,mid,mentalHealth,4.74,Enjoys quiet time,1
Avery,5,1,strong,offline,Yes,16,5,mid,mid,mentalHealth,11.02,Enjoys quiet time,0
Morgan,10,1,strong,offline,Yes,19,2,mid,low,looks,18.62,,1
Riley,8,5,low,online,No,11,5,strong,low,looks,7.14,Likes adventure,1
Taylor,6,4,mid,offline,No,5,3,strong,strong,looks,15.71,,0
Avery,4,4,strong,online,Yes,17,0,strong,strong,looks,22.12,Prefers staying home,0
Taylor,0,0,mid,online,Yes,1,2,mid,mid,mentalHealth,3.29,Likes adventure,1
Alex,5,3,mid,offline,Yes,19,3,low,mid,looks,7.49,,1
Avery,7,6,strong,online,No,19,1,strong,mid,looks,13.45,,0
Alex,2,1,strong,online,No,5,3,strong,low,looks,8.88,,0
Jordan,2,0,low,online,No,11,0,low,mid,looks,14.34,Loves going out,0
Morgan,5,3,strong,offline,Yes,15,5,low,mid,looks,15.4,,1
Jamie,2,1,strong,offline,No,14,2,strong,strong,looks,12.58,Prefers staying home,0
Morgan,1,0,low,offline,No,10,3,low,low,looks,13.12,Prefers staying home,0
Morgan,2,1,strong,offline,Yes,12,1,low,mid,mentalHealth,20.55,Prefers staying home,0
Riley,4,0,mid,offline,Yes,12,3,strong,mid,mentalHealth,16.67,Prefers staying home,0
Jordan,3,2,strong,online,No,16,5,strong,strong,mentalHealth,6.91,,1
Casey,6,3,strong,offline,No,12,1,strong,low,mentalHealth,13.4,Loves going out,1
Taylor,1,1,strong,online,Yes,10,4,strong,strong,mentalHealth,6.77,Prefers staying home,1
Alex,7,3,strong,offline,No,20,1,strong,mid,mentalHealth,13.01,,0
Jamie,5,2,strong,online,Yes,6,4,mid,mid,mentalHealth,16.78,Loves going out,1
Jamie,2,2,low,online,Yes,11,0,strong,strong,mentalHealth,14.54,Enjoys quiet time,1
Jamie,7,5,mid,online,No,9,2,mid,low,looks,9.58,Enjoys quiet time,0
Jordan,3,3,strong,offline,Yes,14,0,strong,low,mentalHealth,4.91,Prefers staying home,0
Morgan,3,2,strong,offline,Yes,18,4,low,strong,looks,6.49,Loves going out,0
Casey,1,0,mid,offline,No,11,3,low,strong,mentalHealth,4.71,Enjoys quiet time,0
Avery,10,0,low,online,Yes,4,5,low,mid,looks,18.69,Prefers staying home,1
Riley,2,2,low,offline,Yes,13,3,mid,mid,mentalHealth,9.47,Loves going out,1
Avery,1,1,strong,online,No,10,4,strong,strong,mentalHealth,9.39,Enjoys quiet time,0
Casey,2,0,low,offline,Yes,15,4,mid,low,looks,16.93,Prefers staying home,0
Jamie,5,4,strong,offline,No,12,1,mid,mid,mentalHealth,2.26,Likes adventure,1
Casey,1,1,mid,online,No,17,3,strong,low,mentalHealth,9.94,Likes adventure,1
Alex,8,5,mid,online,No,10,2,strong,strong,looks,12.6,Loves going out,0
Alex,10,2,low,offline,Yes,5,5,mid,strong,looks,3.32,Likes adventure,1
Avery,2,1,mid,online,Yes,17,4,mid,mid,mentalHealth,0.88,Enjoys quiet time,1
Jamie,1,1,low,offline,No,12,3,mid,strong,looks,18.1,Likes adventure,1
